ID, shortest_travel_time, travel_time, delay_time, simu_diff_exit_time
car_218,89.4454,91.6,2.15456,-2.13431
car_1279,250.447,272.8,22.3528,-1.93091
car_621,161.002,173.6,12.5982,-1.19048
car_30,107.335,111.6,4.26548,-1.78494
car_406,196.78,212.8,16.02,0.204174
car_1764,178.891,192.4,13.5091,1.04557
car_33,107.335,111.6,4.26548,-1.78494
car_448,178.891,194.8,15.9091,-2.25062
car_291,214.669,233.2,18.531,-1.27645
car_75,107.335,112,4.66548,-1.66615
car_710,268.336,299.2,30.8637,-2.66928
car_1933,232.558,253.6,21.0419,-3.24161
car_1528,161.002,169.6,8.59821,-0.283912
car_329,161.002,174,12.9982,-1.91774
car_1102,250.447,271.6,21.1528,-0.328026
car_1168,143.113,151.2,8.0873,-0.53745
car_347,107.335,109.6,2.26548,0.377162
car_457,250.447,276.4,25.9528,-2.16792
car_156,178.891,193.2,14.3091,-1.60772
car_314,304.114,334.4,30.2855,-2.35677
car_1537,107.335,111.2,3.86548,-1.78007
car_1076,250.447,279.2,28.7528,-0.472841
car_1119,322.004,357.2,35.1964,-1.91155
car_40,107.335,111.6,4.26548,-3.82765
car_62,107.335,111.6,4.26548,-2.04977
car_1511,322.004,358.4,36.3964,-2.71208
car_1010,214.669,238.4,23.731,-0.481035
car_471,268.336,302.4,34.0637,4.67985
car_130,286.225,312,25.7746,-2.04218
car_1753,161.002,170,8.99821,-5.49649
car_286,125.224,130.8,5.57639,0.115374
car_2491,161.002,173.6,12.5982,-3.79678
car_80,107.335,112.4,5.06548,-1.7644
car_1986,125.224,134.8,9.57639,0.216711
car_1105,232.558,256.8,24.2419,-1.29776
car_72,107.335,115.2,7.86548,1.54637
car_717,161.002,174,12.9982,0.472868
car_462,268.336,296.8,28.4637,-1.33611
car_105,107.335,113.2,5.86548,-1.54826
car_1744,250.447,274.8,24.3528,0.818128
car_1025,304.114,333.6,29.4855,-1.59574
car_1502,250.447,282.4,31.9528,-0.0918326
car_17,161.002,173.6,12.5982,-0.725793
car_159,107.335,108.4,1.06548,-1.87552
car_458,375.671,426,50.3292,-5.84097
car_376,196.78,214.4,17.62,-0.856563
car_1050,286.225,319.6,33.3746,1.25979
car_1894,178.891,193.6,14.7091,-0.156041
car_170,143.113,152.8,9.6873,-4.1576
car_1388,125.224,135.6,10.3764,1.60865
car_8,125.224,130,4.77639,-0.194466
car_313,232.558,258.8,26.2419,-1.94471
car_1530,196.78,215.6,18.82,-0.0730205
car_1071,268.336,294.8,26.4637,-1.93445
car_708,232.558,258,25.4419,-2.35913
car_47,161.002,172.8,11.7982,-0.345506
car_1949,125.224,132.8,7.57639,-5.35776
car_450,107.335,108.8,1.46548,-0.249278
car_151,232.558,259.2,26.6419,-4.27895
car_249,107.335,112.8,5.46548,-0.939032
car_1592,196.78,216.8,20.02,1.48946
car_1761,286.225,318,31.7746,1.13761
car_1840,125.224,133.6,8.37639,-0.48447
car_403,178.891,200.4,21.5091,-0.970616
car_36,125.224,130,4.77639,-0.290745
car_1947,286.225,321.2,34.9746,-1.98529
car_49,125.224,130.4,5.17639,-1.6962
car_706,304.114,335.6,31.4855,0.729148
car_1110,107.335,112.8,5.46548,-0.862288
car_1524,143.113,153.6,10.4873,-0.79488
car_325,196.78,213.2,16.42,-4.23076
car_1007,322.004,354.4,32.3964,-0.851353
car_79,304.114,333.2,29.0855,-5.92066
car_2688,178.891,196,17.1091,-0.500748
car_444,107.335,110.4,3.06548,-0.332928
car_127,196.78,216,19.22,-3.56402
car_1195,107.335,108.8,1.46548,-0.754645
car_783,214.669,236.4,21.731,-0.708999
car_509,161.002,172.4,11.3982,-1.28335
car_220,107.335,112.4,5.06548,-1.06647
car_1263,214.669,233.6,18.931,0.508646
car_2198,250.447,282,31.5528,-0.319711
car_354,161.002,174.4,13.3982,-2.48862
car_196,107.335,112,4.66548,-5.70813
car_211,107.335,112,4.66548,-4.03189
car_1270,214.669,235.6,20.931,-2.74883
car_628,286.225,313.2,26.9746,-3.80693
car_90,125.224,130.4,5.17639,-0.102889
car_1585,143.113,152,8.8873,-6.27486
car_238,268.336,298.8,30.4637,4.42854
car_707,268.336,293.2,24.8637,-2.53223
car_48,161.002,174.4,13.3982,-1.75419
car_1946,143.113,154.4,11.2873,2.13852
car_1111,143.113,158,14.8873,-1.64591
car_538,286.225,314,27.7746,-3.54255
car_413,107.335,113.6,6.26548,-2.69905
car_112,250.447,272.4,21.9528,-2.41184
car_246,107.335,108.8,1.46548,-0.341872
car_99,125.224,130.4,5.17639,-0.887955
car_1993,143.113,151.6,8.4873,-4.45835
car_231,268.336,293.6,25.2637,-1.91059
car_320,107.335,109.2,1.86548,0.0496843
car_1002,107.335,112.8,5.46548,-2.66355
car_1521,286.225,316.4,30.1746,2.56426
car_719,161.002,171.6,10.5982,-1.53211
car_298,250.447,275.6,25.1528,-2.52264
car_441,125.224,132,6.77639,-1.66758
car_122,196.78,212.8,16.02,0.893276
car_2959,107.335,114.4,7.06548,-4.64836
car_1587,250.447,275.2,24.7528,-1.91971
car_92,125.224,132,6.77639,2.01341
car_1998,161.002,174,12.9982,-3.06247
car_98,232.558,256.4,23.8419,2.19011
car_1992,143.113,152.8,9.6873,0.742278
car_230,107.335,112,4.66548,-2.14841
car_250,125.224,129.2,3.97639,-1.24647
car_2094,143.113,155.6,12.4873,-3.87986
car_1503,178.891,196.4,17.5091,-2.91092
car_1024,250.447,280,29.5528,-4.53859
car_16,196.78,214,17.22,-1.64128
car_463,250.447,277.2,26.7528,2.50551
car_104,125.224,131.6,6.37639,-1.8917
car_1745,250.447,276,25.5528,-2.80277
car_447,268.336,296.4,28.0637,-3.34531
car_124,125.224,129.6,4.37639,0.155516
car_126,125.224,131.6,6.37639,-0.361765
car_445,322.004,360.8,38.7964,-12.6748
car_1593,322.004,362,39.9964,-0.487332
car_248,107.335,112,4.66548,-1.66193
car_850,161.002,174,12.9982,-3.32786
car_308,107.335,108.8,1.46548,-0.64087
car_1405,250.447,279.2,28.7528,-1.50594
car_19,161.002,174,12.9982,0.696568
car_1089,268.336,298.4,30.0637,-0.846437
car_587,178.891,192.4,13.5091,-1.25039
car_2,143.113,152,8.8873,-1.99993
car_334,125.224,131.2,5.97639,0.919723
car_68,304.114,338.8,34.6855,1.19754
car_2277,214.669,239.6,24.931,1.63527
car_1391,107.335,109.6,2.26548,-1.70602
car_169,125.224,129.2,3.97639,-0.160227
car_1042,375.671,420.8,45.1292,-3.54548
car_360,322.004,354.8,32.7964,-1.43178
car_838,125.224,132,6.77639,-0.281121
car_2317,107.335,115.6,8.26548,2.06888
car_997,143.113,152.8,9.6873,1.36546
car_162,125.224,132,6.77639,-1.89055
car_374,214.669,233.2,18.531,-2.2388
car_1052,339.893,377.2,37.3073,-0.860191
car_1896,143.113,153.2,10.0873,0.0164103
car_172,125.224,132.8,7.57639,-2.06848
car_1791,178.891,195.2,16.3091,-0.923411
car_571,178.891,193.6,14.7091,1.74897
car_885,250.447,277.2,26.7528,-2.59857
car_1323,143.113,151.2,8.0873,-0.375396
car_399,286.225,316.4,30.1746,-1.88572
car_1451,143.113,150.4,7.2873,-0.32198
car_603,89.4454,90,0.554563,-7.20824
car_1781,268.336,295.6,27.2637,-1.97302
car_140,178.891,193.6,14.7091,-1.95789
car_1217,125.224,130.4,5.17639,0.112046
car_1060,125.224,129.2,3.97639,-0.156899
car_1129,232.558,260.4,27.8419,-3.64443
car_1958,250.447,273.6,23.1528,-1.79377
car_52,143.113,150.8,7.6873,-0.419046
car_185,250.447,278.4,27.9528,-0.670873
car_2626,107.335,111.6,4.26548,-1.95703
car_343,107.335,111.6,4.26548,-0.499046
car_2187,143.113,158.8,15.6873,-1.92764
car_629,143.113,150.4,7.2873,-1.2633
car_1271,125.224,133.2,7.97639,2.23931
car_210,125.224,130,4.77639,-0.410316
car_1398,107.335,108.4,1.06548,-0.461728
car_160,143.113,153.6,10.4873,-0.315596
car_1040,196.78,219.6,22.82,-0.991195
car_362,107.335,109.6,2.26548,0.746178
car_995,196.78,210.4,13.62,-0.170888
car_1985,286.225,317.6,31.3746,0.29943
car_83,143.113,150.8,7.6873,-0.206667
car_501,89.4454,91.6,2.15456,-2.23517
car_1313,178.891,191.6,12.7091,0.898986
car_393,107.335,108.8,1.46548,-0.236398
car_50,232.558,254.4,21.8419,-0.268098
car_3235,107.335,111.6,4.26548,-2.05345
car_1062,196.78,220,23.22,-1.2912
car_1783,304.114,342.8,38.6855,-1.94272
car_142,143.113,149.2,6.0873,-0.315968
car_1709,143.113,151.6,8.4873,0.422385
car_427,107.335,112.8,5.46548,-1.37223
car_892,250.447,278.4,27.9528,-4.16549
car_1868,196.78,213.6,16.82,-1.64672
car_1330,250.447,278,27.5528,-0.159833
car_337,214.669,236.4,21.731,-0.569958
car_1019,286.225,316.8,30.5746,-0.998173
car_1518,250.447,280.8,30.3528,-5.92425
car_478,268.336,292.4,24.0637,-0.443554
car_139,143.113,150.4,7.2873,-0.127882
car_370,304.114,329.6,25.4855,-1.47813
car_1056,339.893,378.4,38.5073,-0.277042
car_1892,268.336,305.6,37.2637,0.851795
car_828,89.4454,91.6,2.15456,1.04078
car_176,143.113,150.4,7.2873,-0.117078
car_392,107.335,111.6,4.26548,-2.04186
car_411,107.335,111.6,4.26548,-5.22755
car_110,268.336,291.6,23.2637,-1.45967
car_6,161.002,172.4,11.3982,-2.85259
car_288,161.002,174.4,13.3982,-1.79449
car_2471,107.335,114,6.66548,2.30292
car_330,125.224,128.8,3.57639,-0.393785
car_1526,143.113,154.4,11.2873,-0.671124
car_327,125.224,130.4,5.17639,-0.479224
car_1005,143.113,157.2,14.0873,-2.69273
car_202,143.113,150.8,7.6873,0.943888
car_490,107.335,108.8,1.46548,-0.248742
car_1831,196.78,219.2,22.42,2.13843
car_353,125.224,132,6.77639,-1.89352
car_81,161.002,171.2,10.1982,-3.24057
car_209,143.113,151.2,8.0873,-1.88587
car_1246,125.224,130.4,5.17639,-0.0628024
car_1314,107.335,112,4.66548,-0.0289055
car_506,107.335,108.8,1.46548,-0.329529
car_634,161.002,173.2,12.1982,-1.46731
car_1695,214.669,238.4,23.731,-0.512126
car_1258,161.002,170.4,9.39821,-0.621407
car_187,161.002,170,8.99821,-0.97121
car_2624,161.002,172.4,11.3982,-2.91052
car_2185,232.558,256.4,23.8419,0.54879
car_341,125.224,135.2,9.97639,1.24862
car_482,107.335,112,4.66548,-1.65456
car_1085,178.891,191.6,12.7091,-0.661693
car_348,125.224,134.4,9.17639,-2.17205
car_1167,268.336,295.2,26.8637,-0.974773
car_1830,286.225,316.8,30.5746,-1.10003
car_491,107.335,111.6,4.26548,-2.05381
car_626,178.891,200,21.1091,3.89453
car_510,107.335,108.8,1.46548,-0.150638
car_2358,196.78,221.2,24.42,-1.91177
car_1306,143.113,155.6,12.4873,-3.06436
car_821,286.225,320.4,34.1746,-0.307988
car_379,125.224,129.2,3.97639,-0.160584
car_495,107.335,112,4.66548,-2.05896
car_258,143.113,150.8,7.6873,-0.296649
car_627,143.113,152.8,9.6873,-1.64486
car_2359,232.558,260.4,27.8419,0.412654
car_1307,232.558,252.4,19.8419,-0.365235
car_511,107.335,111.6,4.26548,-2.17374
car_1404,250.447,276.8,26.3528,-4.8164
car_18,196.78,215.6,18.82,-3.4226
car_524,107.335,109.6,2.26548,-0.275575
car_389,125.224,131.6,6.37639,-1.93703
car_1548,232.558,259.6,27.0419,-4.97177
car_770,322.004,360,37.9964,-2.74321
car_94,161.002,176,14.9982,-2.15319
car_688,304.114,337.6,33.4855,-3.55743
car_3348,107.335,114,6.66548,0.533527
car_271,143.113,151.6,8.4873,-0.862037
car_390,125.224,132.4,7.17639,-1.74469
car_1458,250.447,278.8,28.3528,-4.0762
car_549,107.335,109.6,2.26548,0.729791
car_1803,143.113,154,10.8873,1.27635
car_1722,250.447,276,25.5528,-1.61853
car_2037,268.336,296,27.6637,-2.27077
car_1120,125.224,129.6,4.37639,0.0948724
car_1069,232.558,252.8,20.2419,-0.637242
car_1788,125.224,131.2,5.97639,-3.85715
car_1494,107.335,111.6,4.26548,-3.03318
car_149,161.002,170,8.99821,-0.157221
car_646,214.669,231.6,16.931,-1.14592
car_200,214.669,233.6,18.931,-1.73095
car_1096,143.113,158,14.8873,-0.643074
car_569,107.335,108.8,1.46548,-9.43325
car_422,125.224,128.8,3.57639,-0.389565
car_897,304.114,336.4,32.2855,-4.21488
car_1335,107.335,111.6,4.26548,-4.22566
car_383,250.447,280.4,29.9528,0.815123
car_1542,196.78,214,17.22,-1.68519
car_2796,161.002,174.8,13.7982,0.861863
car_615,161.002,177.2,16.1982,-4.84677
car_1324,304.114,345.2,41.0855,-1.09091
car_576,107.335,110,2.66548,-0.370173
car_882,286.225,321.6,35.3746,-3.10169
car_280,143.113,155.6,12.4873,1.67685
car_136,178.891,192.4,13.5091,1.14378
car_477,178.891,194,15.1091,-4.17754
car_1517,161.002,173.2,12.1982,0.648646
car_338,304.114,331.2,27.0855,-1.87574
car_1016,322.004,361.2,39.1964,-1.72633
car_64,232.558,254.4,21.8419,0.831902
car_859,304.114,335.2,31.0855,-3.56361
car_301,143.113,153.6,10.4873,-3.53852
car_22,339.893,374.4,34.5073,-1.59771
car_769,143.113,152.8,9.6873,1.3943
car_1551,161.002,172.4,11.3982,-0.995754
car_1713,125.224,131.2,5.97639,0.704533
car_1850,107.335,108.4,1.06548,-0.46137
car_431,125.224,130.8,5.57639,-1.82574
car_1347,250.447,278,27.5528,-0.341571
car_559,107.335,114.8,7.46548,0.311773
car_25,268.336,293.6,25.2637,-1.62349
car_2179,161.002,179.2,18.1982,0.721505
car_1714,125.224,133.2,7.97639,-1.68744
car_436,125.224,132.8,7.57639,-2.36024
car_1857,143.113,162,18.8873,-0.811425
car_1710,125.224,129.2,3.97639,-0.951997
car_1853,107.335,108.4,1.06548,-0.46137
car_432,125.224,133.2,7.97639,-3.17538
car_401,178.891,190.4,11.5091,-0.336184
car_1842,214.669,236,21.331,-1.16257
car_1763,232.558,257.2,24.6419,0.126536
car_34,178.891,194.4,15.5091,-1.63943
car_759,304.114,340,35.8855,-1.35509
car_1064,107.335,112.4,5.06548,-1.08358
car_56,178.891,191.6,12.7091,-1.71817
car_203,161.002,170,8.99821,-0.137364
car_1504,161.002,173.6,12.5982,-1.39259
car_1023,322.004,353.6,31.5964,-1.0249
car_11,232.558,256.8,24.2419,1.19156
car_103,304.114,338.8,34.6855,1.99889
car_464,125.224,132,6.77639,-1.87932
car_1742,178.891,195.2,16.3091,-0.0735144
car_311,232.558,255.6,23.0419,-1.59399
car_1073,304.114,340.8,36.6855,-0.188871
car_1532,250.447,278.4,27.9528,-1.12717
car_45,232.558,254,21.4419,-4.46368
car_452,125.224,133.2,7.97639,-1.91184
car_153,178.891,190.4,11.5091,0.248289
car_2696,107.335,114,6.66548,4.7685
car_333,143.113,153.2,10.0873,-1.93325
car_623,107.335,109.6,2.26548,-0.434788
car_512,196.78,215.6,18.82,-1.81474
car_1304,178.891,195.6,16.7091,-1.16007
car_1432,125.224,130.8,5.57639,-1.62345
car_624,107.335,108.8,1.46548,-0.158903
car_183,250.447,273.6,23.1528,-3.45679
car_345,143.113,152.4,9.2873,-1.40611
car_1087,232.558,255.2,22.6419,-2.82086
car_480,125.224,130.4,5.17639,-0.381264
car_589,161.002,172.8,11.7982,-2.19964
car_204,161.002,172.8,11.7982,-2.9042
car_1266,161.002,174,12.9982,-0.342302
car_225,161.002,170.8,9.79821,0.978843
car_781,178.891,194,15.1091,-4.73096
car_2545,143.113,149.6,6.4873,0.186715
car_3241,107.335,108.8,1.46548,-0.155611
car_1197,196.78,216.8,20.02,1.73048
car_1319,161.002,178.8,17.7982,-1.05883
car_2343,89.4454,92,2.55456,-2.31233
car_222,161.002,170,8.99821,-0.434502
car_1261,232.558,254.8,22.2419,1.41802
car_639,250.447,275.6,25.1528,1.39289
car_1698,161.002,174.4,13.3982,0.0149792
car_1317,268.336,303.2,34.8637,-0.609085
car_505,125.224,129.2,3.97639,-0.827168
car_1936,268.336,296,27.6637,-0.78711
car_70,178.891,194.4,15.5091,1.04181
car_715,268.336,300,31.6637,-3.08639
car_1107,143.113,152.4,9.2873,-0.1252
car_1121,107.335,108.8,1.46548,-0.33393
car_1068,125.224,130.8,5.57639,-0.160692
car_1789,125.224,134.8,9.57639,-1.96086
car_148,268.336,294.4,26.0637,-0.501893
car_1495,232.558,254.8,22.2419,-1.67975
car_647,107.335,108.8,1.46548,-0.725128
car_195,232.558,256.4,23.8419,-2.70544
car_357,143.113,152.8,9.6873,3.39849
car_1991,214.669,241.6,26.931,0.484188
car_233,161.002,172,10.9982,-0.0913539
car_2314,107.335,112.4,5.06548,-1.07567
car_994,161.002,171.2,10.1982,-0.306989
car_363,143.113,155.2,12.0873,1.20286
car_1041,143.113,160,16.8873,4.60508
car_161,214.669,234,19.331,-0.103969
car_1399,107.335,111.6,4.26548,-2.04637
car_662,107.335,111.2,3.86548,-1.74869
car_1621,232.558,254.4,21.8419,-4.10668
car_129,178.891,190.8,11.9091,0.640382
car_293,232.558,258,25.4419,3.33194
car_1100,161.002,169.6,8.59821,-0.655432
car_1009,304.114,336,31.8855,-1.9859
car_77,232.558,256,23.4419,-3.43781
car_1931,125.224,134.8,9.57639,4.22353
car_712,304.114,338,33.8855,-0.317794
car_2768,107.335,114,6.66548,-2.37281
car_274,161.002,170.8,9.79821,-1.40786
car_138,178.891,192.4,13.5091,2.25559
car_479,214.669,237.2,22.531,-0.180612
car_660,107.335,113.2,5.86548,-0.543075
car_1623,214.669,234.4,19.731,-0.221607
car_1238,178.891,192,13.1091,0.478357
car_266,161.002,173.6,12.5982,-1.84747
car_1013,232.558,254,21.4419,-0.158316
car_1512,214.669,239.2,24.531,-2.91618
car_61,268.336,296.4,28.0637,-2.42614
car_472,250.447,276.4,25.9528,0.177541
car_133,178.891,193.2,14.3091,-1.73799
car_1750,250.447,277.2,26.7528,-6.15541
car_1291,178.891,193.2,14.3091,0.824769
car_2100,214.669,241.6,26.931,0.00354403
car_2931,161.002,179.6,18.5982,2.64654
car_429,196.78,213.6,16.82,-0.860191
car_1707,214.669,237.2,22.531,-1.10845
car_388,143.113,154.4,11.2873,-3.5563
car_1549,250.447,280.4,29.9528,-1.26747
car_771,304.114,333.2,29.0855,-3.25792
car_1020,196.78,213.6,16.82,-0.339783
car_1507,178.891,192.4,13.5091,-0.623718
car_12,196.78,211.6,14.82,-0.390101
car_28,196.78,210.4,13.62,-0.167024
car_763,178.891,190,11.1091,-0.414896
car_412,143.113,153.2,10.0873,-0.0473318
car_113,268.336,295.2,26.8637,-1.14554
car_539,304.114,338.4,34.2855,-3.22516
car_304,161.002,171.6,10.5982,-1.77899
car_692,143.113,157.6,14.4873,0.374643
car_725,107.335,108.8,1.46548,-1.33169
car_1924,196.78,218,21.22,-1.18411
car_1536,125.224,130.8,5.57639,-0.246452
car_1077,125.224,132,6.77639,-1.94697
car_315,232.558,256.8,24.2419,2.40128
car_1118,268.336,303.6,35.2637,-1.25066
car_41,339.893,377.6,37.7073,-4.607
car_456,268.336,300.8,32.4637,-4.58676
car_157,178.891,194,15.1091,-1.75585
car_1533,161.002,175.2,14.1982,-0.551911
car_1072,143.113,152.4,9.2873,-1.86565
car_310,357.782,396.4,38.6183,-0.981492
car_44,196.78,210.8,14.02,-0.236398
car_740,107.335,108.8,1.46548,-0.252427
car_1901,232.558,255.2,22.6419,-0.397636
car_1711,125.224,133.6,8.37639,0.21732
car_433,143.113,152,8.8873,-1.55241
car_1852,143.113,153.2,10.0873,-4.48593
car_929,214.669,234.8,20.131,-2.98471
car_606,143.113,152.4,9.2873,-1.21828
car_1326,268.336,300.8,32.4637,-0.195203
car_574,125.224,134,8.77639,-1.69195
car_880,304.114,335.6,31.4855,-2.27203
car_1739,214.669,239.2,24.531,-5.55534
car_470,286.225,316.4,30.1746,-1.77574
car_131,250.447,273.2,22.7528,-1.85965
car_1752,196.78,221.2,24.42,-1.52629
car_287,214.669,235.2,20.531,-2.13706
car_1510,304.114,342,37.8855,-4.14717
car_1011,250.447,278.4,27.9528,3.03877
car_63,196.78,210,13.22,0.880489
car_177,178.891,194,15.1091,-0.692985
car_1794,214.669,236.4,21.731,-0.722445
car_695,250.447,276.4,25.9528,-1.63018
car_303,161.002,176.4,15.3982,-2.83828
car_2239,125.224,134,8.77639,-0.0302663
car_1612,143.113,156.8,13.6873,1.27678
car_2583,107.335,114.4,7.06548,-2.03202
car_4,250.447,274,23.5528,-1.87052
car_488,232.558,255.6,23.0419,-1.94894
car_581,125.224,135.2,9.97639,0.390736
car_51,196.78,213.2,16.42,-0.375039
car_1063,178.891,198,19.1091,0.696102
car_1008,143.113,153.2,10.0873,-1.7317
car_1101,322.004,360,37.9964,-1.84866
car_1930,268.336,296,27.6637,0.668983
car_713,214.669,236.4,21.731,-1.79906
car_76,196.78,210.8,14.02,-2.91313
car_1220,143.113,154,10.8873,-0.234488
car_199,178.891,191.6,12.7091,-1.73155
car_1545,339.893,373.6,33.7073,-2.02776
car_384,268.336,293.6,25.2637,-3.09316
car_612,125.224,132,6.77639,-2.89282
car_1322,196.78,213.6,16.82,-1.81361
car_570,232.558,258,25.4419,-0.150981
car_884,125.224,132.4,7.17639,-1.4902
car_398,250.447,272.8,22.3528,-3.24873
car_1450,196.78,216,19.22,0.368124
car_602,125.224,134,8.77639,-0.652127
car_1531,322.004,366.4,44.3964,-1.00353
car_312,286.225,319.6,33.3746,-1.79094
car_1070,250.447,276,25.5528,-3.56511
car_1948,286.225,323.6,37.3746,-0.223904
car_709,125.224,133.2,7.97639,0.941778
car_46,250.447,274.8,24.3528,-2.60947
car_451,143.113,155.2,12.0873,-0.0857577
car_150,214.669,231.2,16.531,-1.93177
car_473,268.336,297.2,28.8637,-2.27323
car_1751,107.335,114,6.66548,-0.135633
car_132,214.669,242.4,27.731,-0.970616
car_284,232.558,254.4,21.8419,-0.417651
car_1012,196.78,218,21.22,0.427136
car_1513,268.336,294.8,26.4637,-0.241085
car_60,196.78,214.8,18.02,-0.0880477
car_775,107.335,109.6,2.26548,-0.367776
car_1081,268.336,298.8,30.4637,-2.83198
car_486,143.113,152,8.8873,-2.00855
car_356,161.002,172.4,11.3982,-1.94397
car_927,143.113,154.8,11.6873,0.885655
car_1285,143.113,150,6.8873,0.317233
car_765,107.335,112.8,5.46548,-1.78891
car_1982,268.336,301.6,33.2637,1.47856
car_84,196.78,214,17.22,0.918392
car_87,196.78,213.2,16.42,-1.96808
car_1981,178.891,195.6,16.7091,-1.36819
car_359,161.002,174,12.9982,-3.1244
car_2195,125.224,130,4.77639,-0.197256
car_1586,250.447,276.4,25.9528,-1.87563
car_93,196.78,212.4,15.62,-2.14093
car_1999,143.113,156.4,13.2873,2.16437
car_659,125.224,129.2,3.97639,-0.160942
car_1638,250.447,272,21.5528,-2.2907
car_1201,125.224,130.8,5.57639,1.52818
car_1506,322.004,353.6,31.5964,-1.52948
car_1021,232.558,256.4,23.8419,-3.65363
car_13,232.558,254.8,22.2419,0.0400378
car_101,196.78,212.8,16.02,-0.529979
car_466,339.893,376.8,36.9073,-1.23366
car_814,107.335,109.6,2.26548,-0.476291
car_1514,161.002,178.8,17.7982,-0.462753
car_1015,250.447,275.6,25.1528,-1.67581
car_67,250.447,274.4,23.9528,-3.75139
car_1756,304.114,334.8,30.6855,-0.490193
car_474,232.558,257.6,25.0419,0.654085
car_135,232.558,253.2,20.6419,-1.93155
car_283,178.891,190,11.1091,-0.41876
car_418,286.225,314,27.7746,-6.77252
car_119,196.78,213.2,16.42,-1.65917
car_533,178.891,198.8,19.9091,2.94546
car_372,161.002,175.2,14.1982,-0.908263
car_1054,322.004,359.2,37.1964,-3.96149
car_1890,196.78,215.6,18.82,-1.96526
car_1310,143.113,154.4,11.2873,-3.93138
car_502,250.447,278.4,27.9528,-0.755597
car_2445,196.78,218.8,22.02,-4.77573
car_788,107.335,114,6.66548,-2.51638
car_262,178.891,192.8,13.9091,-3.24402
car_269,178.891,192,13.1091,-3.17145
car_689,196.78,210.4,13.62,-2.13034
car_270,178.891,192,13.1091,-0.244377
car_849,196.78,213.6,16.82,0.894943
car_272,178.891,192.8,13.9091,-2.06375
car_936,107.335,113.2,5.86548,-1.99603
car_275,178.891,192.4,13.5091,-1.06186
car_650,125.224,135.2,9.97639,-0.197851
car_1631,232.558,259.2,26.6419,-0.925665
car_1208,250.447,275.6,25.1528,-0.232233
car_805,107.335,113.2,5.86548,-0.576484
car_1441,125.224,131.6,6.37639,-1.02506
car_208,196.78,212.4,15.62,-0.0170414
car_1247,107.335,109.6,2.26548,0.652689
car_1175,161.002,177.6,16.5982,-1.6045
car_561,143.113,150.4,7.2873,-0.2052
car_535,143.113,154,10.8873,-1.73572
car_678,125.224,133.6,8.37639,-2.29462
car_305,268.336,300,31.6637,-4.12799
car_693,125.224,134,8.77639,-1.64737
car_297,178.891,195.2,16.3091,-1.96848
car_2408,143.113,152.8,9.6873,1.34589
car_579,196.78,214.4,17.62,-2.01878
car_1734,214.669,238,23.331,-0.582015
car_1459,322.004,365.2,43.1964,-2.14633
car_391,161.002,178.8,17.7982,0.0253765
car_449,161.002,171.2,10.1982,-1.79728
car_290,232.558,252,19.4419,-1.83173
car_1529,143.113,151.6,8.4873,-1.86057
car_328,268.336,292,23.6637,-0.969013
car_1103,268.336,301.2,32.8637,0.0397009
car_74,250.447,274.4,23.9528,-1.82192
car_711,304.114,337.2,33.0855,-3.31684
car_754,196.78,215.2,18.42,-3.12935
car_39,214.669,232.4,17.731,-5.31362
car_309,178.891,196.8,17.9091,1.2063
car_851,107.335,113.6,6.26548,-1.07152
car_254,286.225,322.4,36.1746,0.379466
car_2090,178.891,196.8,17.9091,-2.62876
car_863,107.335,113.2,5.86548,-0.433592
car_857,107.335,112.4,5.06548,-0.973163
car_1336,232.558,258.8,26.2419,-2.59731
car_421,161.002,175.6,14.5982,4.55555
car_894,125.224,133.2,7.97639,-1.53449
car_779,125.224,131.6,6.37639,0.326822
car_380,304.114,336.8,32.6855,-3.6591
car_1541,143.113,153.6,10.4873,-5.10134
car_385,178.891,195.2,16.3091,0.424009
car_1544,250.447,274,23.5528,-4.04169
car_1333,250.447,284,33.5528,0.140575
car_424,268.336,293.6,25.2637,-4.15907
car_891,107.335,108.8,1.46548,-0.423553
car_597,143.113,153.6,10.4873,-0.88039
car_29,214.669,237.2,22.531,-0.865327
car_762,286.225,320.4,34.1746,-1.22651
car_2186,232.558,255.6,23.0419,-0.269994
car_342,178.891,193.2,14.3091,-1.55316
car_1568,286.225,314.4,28.1746,-5.17984
car_750,125.224,132,6.77639,-2.49306
car_282,268.336,298.4,30.0637,-2.8371
car_134,232.558,255.6,23.0419,-5.22236
car_475,214.669,235.2,20.531,-3.27395
car_1515,304.114,336.8,32.6855,-1.5918
car_1014,268.336,295.6,27.2637,-3.00403
car_66,214.669,232.8,18.131,2.12349
car_625,143.113,150.8,7.6873,-0.11883
car_905,107.335,111.6,4.26548,-2.03488
car_369,178.891,191.2,12.3091,-0.78298
car_1887,107.335,113.6,6.26548,-0.135168
car_831,196.78,214.4,17.62,-3.78504
car_1272,322.004,358,35.9964,-0.252999
car_213,196.78,213.6,16.82,-1.73678
car_519,232.558,257.2,24.6419,-0.366294
car_797,268.336,293.2,24.8637,-2.36454
car_1185,125.224,132.4,7.17639,-1.67674
car_216,196.78,213.6,16.82,-2.381
car_1277,250.447,281.6,31.1528,-0.331017
car_2394,161.002,177.2,16.1982,-3.21116
car_914,107.335,112,4.66548,-2.21764
car_1284,250.447,275.2,24.7528,-3.86345
car_926,107.335,109.6,2.26548,0.726106
car_1980,250.447,274.8,24.3528,-0.597922
car_86,214.669,234,19.331,0.0493767
car_1584,143.113,154,10.8873,2.6914
car_239,196.78,212,15.22,-2.0669
car_91,339.893,374,34.1073,-0.357901
car_1582,232.558,255.2,22.6419,-0.110423
car_97,214.669,234,19.331,-3.78835
car_1278,339.893,379.2,39.3073,-0.839389
car_219,232.558,251.6,19.0419,-0.23164
car_620,250.447,271.2,20.7528,-1.64892
car_516,161.002,171.2,10.1982,-2.5893
car_1300,143.113,155.2,12.0873,1.11117
car_2860,161.002,175.2,14.1982,-4.17138
car_798,125.224,132,6.77639,-1.66229
car_1580,250.447,278,27.5528,-0.490658
car_95,214.669,234.4,19.731,-5.60315
car_116,214.669,230.8,16.131,-0.319189
car_417,196.78,212,15.22,-0.139439
car_247,196.78,212.4,15.62,-0.38359
car_2083,143.113,153.2,10.0873,-5.37039
car_614,232.558,250,17.4419,-1.38418
car_2797,107.335,110,2.66548,-1.1086
car_1543,107.335,110,2.66548,-0.890817
car_382,178.891,191.6,12.7091,-2.07406
car_260,196.78,212.4,15.62,-1.33724
car_3085,125.224,131.6,6.37639,2.08697
car_1348,250.447,276.4,25.9528,-4.30443
car_556,161.002,178,16.9982,0.371773
car_1973,232.558,258.8,26.2419,-1.64615
car_1142,125.224,132.8,7.57639,-5.17969
car_2059,107.335,108.8,1.46548,-0.240441
car_1230,286.225,321.6,35.3746,-2.71648
car_668,143.113,149.2,6.0873,-0.28037
car_670,143.113,149.2,6.0873,-2.69742
car_240,196.78,214.8,18.02,-1.85424
car_381,178.891,192.8,13.9091,-3.20949
car_1540,250.447,278,27.5528,0.308167
car_778,268.336,294,25.6637,-0.335933
car_2091,250.447,276,25.5528,0.714279
car_255,196.78,213.2,16.42,-0.786974
car_492,161.002,176.4,15.3982,-1.88744
car_1833,178.891,196,17.1091,1.64246
car_645,143.113,154.4,11.2873,-2.47294
car_2823,161.002,176,14.9982,-2.01248
car_1978,196.78,214.8,18.02,-0.521371
car_1149,125.224,133.2,7.97639,0.830364
car_663,143.113,152,8.8873,-0.288384
car_1620,178.891,199.2,20.3091,-5.78395
car_666,143.113,152,8.8873,0.386321
car_1625,250.447,272.8,22.3528,-2.30091
car_1478,89.4454,91.2,1.75456,0.461885
car_1355,214.669,236,21.331,-0.391196
car_547,161.002,174.8,13.7982,-2.86297
car_675,143.113,150.4,7.2873,-0.777185
car_256,196.78,214.8,18.02,-0.587081
car_2092,143.113,156,12.8873,2.37771
car_679,143.113,151.2,8.0873,-2.93603
car_732,143.113,150,6.8873,-0.859475
car_974,107.335,108.4,1.06548,-0.473715
car_810,125.224,134,8.77639,2.42836
car_817,125.224,134,8.77639,-5.90461
car_973,107.335,110,2.66548,0.866607
car_844,125.224,130.4,5.17639,-4.46123
car_686,178.891,192.8,13.9091,-4.27266
car_911,161.002,172.4,11.3982,-1.35396
car_869,125.224,129.2,3.97639,-0.171246
car_0,232.558,255.6,23.0419,-0.878602
car_858,250.447,274.4,23.9528,-3.22416
car_300,250.447,277.6,27.1528,-2.04855
car_696,143.113,153.6,10.4873,-2.88117
car_1325,232.558,261.2,28.6419,-1.03015
car_577,161.002,171.6,10.5982,0.190292
car_883,125.224,132.8,7.57639,-3.99477
car_847,125.224,132,6.77639,-1.89073
car_35,232.558,252,19.4419,0.643101
car_758,286.225,312.4,26.1746,-4.31409
car_1560,107.335,112,4.66548,-3.02779
car_855,125.224,133.2,7.97639,-3.19251
car_1903,107.335,109.2,1.86548,0.338629
car_742,143.113,149.6,6.4873,-0.400549
car_54,268.336,292.8,24.4637,-2.81835
car_2809,125.224,129.2,3.97639,-0.317651
car_1066,214.669,239.2,24.531,2.19562
car_2038,143.113,153.6,10.4873,0.890222
car_1369,125.224,135.2,9.97639,1.2538
car_146,214.669,238.4,23.731,-3.36683
car_1787,214.669,232,17.331,-0.523396
car_1211,214.669,240.4,25.731,-2.3755
car_649,178.891,192.8,13.9091,-2.05656
car_38,304.114,336.4,32.2855,-4.56654
car_755,143.113,149.6,6.4873,-0.467418
car_120,232.558,256.4,23.8419,-0.54014
car_443,357.782,395.6,37.8183,-3.43244
car_322,304.114,333.6,29.4855,-3.99575
car_1109,178.891,193.6,14.7091,-1.86425
car_1000,107.335,112.8,5.46548,-0.666831
car_1523,286.225,320,33.7746,0.709341
car_1400,107.335,108.8,1.46548,-0.163159
car_1509,232.558,260,27.4419,-1.80374
car_469,178.891,191.2,12.3091,-1.86856
car_520,322.004,356.4,34.3964,-2.05635
car_316,214.669,233.2,18.531,-1.70873
car_1074,143.113,149.6,6.4873,-1.60023
car_1535,268.336,294.8,26.4637,-1.50708
car_42,232.558,256.4,23.8419,-2.09481
car_2691,178.891,194.8,15.9091,-3.73321
car_154,232.558,254,21.4419,-1.96622
car_455,322.004,358,35.9964,-0.325006
car_476,232.558,258.8,26.2419,-2.23318
car_137,268.336,294,25.6637,-0.276147
car_1754,196.78,214.8,18.02,3.04335
car_281,214.669,236,21.331,0.388224
car_1516,125.224,130.8,5.57639,-0.282015
car_339,196.78,213.6,16.82,-4.60056
car_1017,322.004,352.8,30.7964,1.6675
car_65,250.447,272.8,22.3528,-1.94118
car_593,161.002,175.2,14.1982,-1.2863
car_756,143.113,151.2,8.0873,-0.285772
car_832,286.225,310.8,24.5746,-1.72373
car_1048,107.335,111.6,4.26548,-2.45986
car_358,196.78,214.8,18.02,-1.68518
car_277,214.669,229.2,14.531,-0.136613
car_1127,125.224,132,6.77639,0.997412
car_2030,214.669,240.8,26.131,0.623294
car_641,161.002,173.2,12.1982,-3.26451
car_1219,178.891,194.8,15.9091,-2.20078
car_217,214.669,236.4,21.731,-0.245844
car_1276,214.669,238,23.331,-0.930458
car_244,214.669,234,19.331,-0.455382
car_2080,143.113,152.8,9.6873,-1.79814
car_1315,196.78,218.8,22.02,2.95237
car_507,178.891,194,15.1091,-1.34458
car_948,125.224,128.8,3.57639,-1.48801
car_2316,196.78,214.8,18.02,-1.90292
car_996,178.891,194,15.1091,-0.660713
car_839,286.225,320.8,34.5746,0.0726316
car_361,196.78,217.6,20.82,-2.51751
car_1043,125.224,130.4,5.17639,-3.45901
car_1635,286.225,313.6,27.3746,-1.75563
car_654,161.002,172,10.9982,-1.51951
car_922,125.224,134.4,9.17639,-0.810945
car_1280,161.002,178.8,17.7982,-0.643196
car_438,268.336,294,25.6637,-0.441622
car_1859,232.558,251.6,19.0419,-0.178795
car_261,214.669,232.8,18.131,-0.366702
car_373,268.336,295.2,26.8637,-0.405221
car_1055,107.335,115.2,7.86548,1.6395
car_415,286.225,319.6,33.3746,0.855302
car_114,232.558,255.6,23.0419,-1.54862
car_419,232.558,259.6,27.0419,-2.19485
car_118,232.558,255.2,22.6419,-0.601607
car_532,322.004,359.6,37.5964,-1.14211
car_107,322.004,359.2,37.1964,-2.52983
car_1746,107.335,113.2,5.86548,-5.14375
car_529,178.891,193.6,14.7091,0.906585
car_460,339.893,380,40.1073,1.74739
car_123,232.558,255.6,23.0419,-0.215239
car_440,322.004,357.6,35.5964,-2.84441
car_2406,196.78,213.2,16.42,-1.11645
car_299,232.558,256.8,24.2419,1.24254
car_1091,107.335,111.6,4.26548,-2.05016
car_536,178.891,193.2,14.3091,-2.24866
car_534,178.891,194.8,15.9091,-2.76857
car_1376,107.335,112,4.66548,-1.94374
car_1480,161.002,174,12.9982,-1.81631
car_656,161.002,177.2,16.1982,-3.28408
car_998,196.78,216.8,20.02,-1.62654
car_837,143.113,152.4,9.2873,-3.50057
car_1881,196.78,214.8,18.02,-1.7986
car_102,268.336,295.2,26.8637,-2.05917
car_1743,143.113,154.4,11.2873,-1.80422
car_465,339.893,377.6,37.7073,0.392676
car_1505,304.114,338.8,34.6855,-5.02797
car_1022,286.225,316,29.7746,-0.746416
car_10,250.447,274,23.5528,-0.591446
car_346,214.669,234.8,20.131,-0.589657
car_2182,143.113,155.2,12.0873,0.844796
car_1169,322.004,368,45.9964,3.19056
car_2623,161.002,178.4,17.3982,2.3057
car_180,232.558,250.4,17.8419,-0.0252709
car_864,232.558,256.8,24.2419,-1.76783
car_2097,250.447,277.2,26.7528,-4.54277
car_253,214.669,239.6,24.931,1.7582
car_2035,196.78,218.8,22.02,0.751738
car_1122,304.114,343.6,39.4855,-0.990159
car_1953,268.336,300,31.6637,-0.951403
car_59,250.447,268,17.5528,-0.394001
car_1354,125.224,138,12.7764,0.084124
car_546,232.558,255.6,23.0419,-1.68984
car_1152,107.335,114.8,7.46548,1.06501
car_2067,125.224,134.4,9.17639,0.61392
car_674,161.002,176.8,15.7982,-0.962288
car_1356,286.225,326,39.7746,1.59324
car_544,214.669,234.8,20.131,-2.72005
car_1150,107.335,108.8,1.46548,-0.159654
car_3236,107.335,108.8,1.46548,-0.424305
car_1061,214.669,240.8,26.131,-1.32851
car_1128,107.335,111.6,4.26548,-2.56557
car_53,304.114,336.4,32.2855,3.53796
car_580,178.891,196,17.1091,0.224081
car_489,322.004,360,37.9964,-1.65527
car_2582,89.4454,90,0.554563,-0.745665
car_5,250.447,275.6,25.1528,0.00497612
car_724,161.002,170.8,9.79821,0.707824
car_1925,161.002,177.2,16.1982,1.18934
car_705,161.002,174.4,13.3982,1.34643
car_1944,125.224,137.2,11.9764,-4.36065
car_1113,178.891,200.8,21.9091,4.16176
car_442,196.78,213.2,16.42,-5.21359
car_121,268.336,292,23.6637,0.548719
car_323,286.225,318.4,32.1746,1.03163
car_1001,143.113,155.2,12.0873,-1.57409
car_1108,214.669,236,21.331,-0.643554
car_1522,178.891,196,17.1091,-2.78654
car_1047,161.002,173.2,12.1982,-0.604591
car_365,232.558,255.6,23.0419,0.204762
car_2312,107.335,109.6,2.26548,-0.28681
car_992,125.224,133.6,8.37639,-0.922058
car_2279,161.002,172.4,11.3982,0.240847
car_167,232.558,256.4,23.8419,-2.17066
car_273,268.336,295.6,27.2637,-0.674845
car_848,143.113,156,12.8873,-0.0707168
car_739,161.002,171.2,10.1982,-1.63336
car_807,161.002,171.2,10.1982,-1.62626
car_164,232.558,257.6,25.0419,-1.75681
car_734,161.002,172.8,11.7982,-0.278101
car_1760,268.336,294.8,26.4637,-2.60721
car_402,214.669,236.8,22.131,-2.48872
car_1841,250.447,278.4,27.9528,-0.110517
car_1562,268.336,303.6,35.2637,2.93358
car_37,250.447,274.8,24.3528,-2.1574
car_1259,178.891,194.4,15.5091,-1.95231
car_186,232.558,255.2,22.6419,4.29537
car_2625,125.224,132.4,7.17639,1.90031
car_317,250.447,275.2,24.7528,-0.806545
car_1075,322.004,356,33.9964,0.479523
car_43,268.336,290.4,22.0637,-0.523482
car_155,322.004,362,39.9964,-1.40233
car_454,196.78,214.4,17.62,-3.83042
car_1546,161.002,172.8,11.7982,-1.07697
car_387,214.669,234.8,20.131,-2.45469
car_2792,161.002,174,12.9982,0.900489
car_611,250.447,275.6,25.1528,-7.47862
car_426,196.78,217.6,20.82,1.29225
car_1869,196.78,216,19.22,-3.10693
car_1708,232.558,260,27.4419,-2.05761
car_893,357.782,395.2,37.4183,-1.51016
car_1331,196.78,214.8,18.02,0.0923101
car_733,161.002,174.8,13.7982,-5.01888
car_1914,232.558,260,27.4419,0.544153
car_1028,125.224,131.2,5.97639,1.90793
car_1406,250.447,283.6,33.1528,-0.435382
car_190,232.558,256,23.4419,1.13449
car_88,250.447,271.6,21.1528,0.1148
car_355,214.669,234.8,20.131,-0.474416
car_2199,178.891,198.4,19.5091,0.363746
car_85,250.447,273.2,22.7528,-1.2674
car_1983,232.558,260.8,28.2419,-3.65145
car_1210,286.225,323.6,37.3746,-1.97003
car_648,232.558,252.8,20.2419,-2.79675
car_1786,268.336,299.2,30.8637,-1.98436
car_147,268.336,293.2,24.8637,-1.92886
car_55,304.114,337.6,33.4855,-1.68149
car_2808,125.224,129.2,3.97639,-1.88996
car_2039,268.336,306,37.6637,2.22877
car_1067,125.224,129.2,3.97639,-0.304949
car_1368,107.335,109.6,2.26548,-1.36554
car_1311,107.335,116.4,9.06548,1.8683
car_503,286.225,322,35.7746,2.98483
car_789,250.447,276,25.5528,-3.4996
car_631,178.891,194.8,15.9091,-1.62747
car_1690,232.558,255.6,23.0419,0.978664
car_1269,232.558,254,21.4419,-5.13889
car_527,232.558,257.2,24.6419,-1.93062
car_109,250.447,272.4,21.9528,-1.95942
car_1748,178.891,202,23.1091,-7.61988
car_410,268.336,303.6,35.2637,-2.15286
car_111,250.447,273.2,22.7528,-1.71638
car_632,214.669,235.2,20.531,-1.07356
car_1693,161.002,176.8,15.7982,0.551631
car_229,250.447,276,25.5528,0.584333
car_500,196.78,214.8,18.02,-1.36162
car_2348,214.669,232,17.331,-1.7639
car_1312,178.891,195.2,16.3091,-0.228298
car_245,232.558,254.8,22.2419,-0.457493
car_2081,196.78,213.2,16.42,-1.73552
car_223,250.447,274.8,24.3528,-1.29173
car_1260,286.225,326,39.7746,-1.74042
car_638,304.114,333.2,29.0855,-1.97746
car_780,161.002,176,14.9982,-1.60527
car_2544,125.224,130.4,5.17639,-1.4184
car_2878,107.335,114.8,7.46548,-0.491161
car_2342,214.669,238.4,23.731,-0.554989
car_1318,107.335,110.8,3.46548,-0.178794
car_241,232.558,255.6,23.0419,-1.87331
car_2085,161.002,169.6,8.59821,-1.60604
car_1629,250.447,279.6,29.1528,0.507302
car_1232,107.335,112,4.66548,-1.47492
car_259,250.447,273.2,22.7528,-1.8122
car_2396,125.224,128.8,3.57639,-0.397829
car_916,143.113,157.6,14.4873,-2.63133
car_2586,125.224,133.2,7.97639,-1.12948
car_1,268.336,292,23.6637,-0.534165
car_397,214.669,233.2,18.531,-0.766437
car_793,178.891,194.4,15.5091,-1.33219
car_1181,125.224,128.8,3.57639,-0.402624
car_212,286.225,318.4,32.1746,-2.08472
car_1273,107.335,108.8,1.46548,-0.423375
car_865,214.669,234.4,19.731,0.469448
car_252,232.558,257.6,25.0419,-2.83132
car_2096,214.669,237.6,22.931,-0.875418
car_2001,214.669,238.8,24.131,0.662829
car_1927,286.225,315.2,28.9746,-3.40164
car_726,178.891,190.4,11.5091,-1.92611
car_964,143.113,150.8,7.6873,1.29248
car_1994,107.335,115.6,8.26548,-2.3709
car_236,232.558,259.2,26.6419,-0.94759
car_1349,143.113,150.4,7.2873,0.908396
car_557,268.336,303.2,34.8637,0.615766
car_2829,161.002,176,14.9982,-2.50002
car_1972,232.558,255.2,22.6419,-3.99634
car_3211,107.335,112.8,5.46548,-1.91637
car_2058,232.558,256.4,23.8419,-0.966759
car_1143,125.224,129.2,3.97639,-0.984949
car_1477,161.002,178,16.9982,0.348646
car_669,286.225,315.2,28.9746,0.971044
car_1231,107.335,114,6.66548,0.602006
car_9,268.336,292.8,24.4637,-2.13731
car_871,214.669,233.6,18.931,-3.75275
car_268,232.558,256.8,24.2419,-2.49481
car_57,268.336,296.4,28.0637,-1.54959
car_1065,178.891,193.6,14.7091,-1.93162
car_1784,286.225,316,29.7746,-1.84386
car_145,250.447,274.8,24.3528,-1.50576
car_1498,178.891,199.2,20.3091,-3.72916
car_459,232.558,257.6,25.0419,-0.0316621
car_158,268.336,290,21.6637,-0.860191
car_701,339.893,377.6,37.7073,-1.73875
car_1940,214.669,236.8,22.131,-4.17676
car_1117,125.224,132,6.77639,-1.95084
car_1539,178.891,191.6,12.7091,-3.85728
car_1078,268.336,297.2,28.8637,4.09557
car_550,196.78,215.6,18.82,-0.293608
car_1975,178.891,195.2,16.3091,-1.94536
car_1144,125.224,135.2,9.97639,2.90256
car_694,232.558,259.6,27.0419,-4.81363
car_302,232.558,254,21.4419,1.99487
car_295,232.558,255.2,22.6419,-1.30408
car_845,178.891,195.6,16.7091,-0.376955
car_687,178.891,195.6,16.7091,-3.25222
car_414,214.669,235.6,20.931,-2.38533
car_115,375.671,420.4,44.7292,-0.733785
car_545,196.78,216.8,20.02,-1.23069
car_364,286.225,317.6,31.3746,-1.19982
car_1046,268.336,301.6,33.2637,-3.88883
car_993,143.113,158.4,15.2873,-2.07323
car_166,250.447,275.2,24.7528,-1.2508
car_1878,107.335,112,4.66548,1.45848
car_572,196.78,215.2,18.42,-4.81878
car_886,339.893,379.2,39.3073,-3.47016
car_1320,161.002,173.6,12.5982,1.60836
car_32,268.336,295.6,27.2637,-0.70973
car_335,232.558,252.4,19.8419,-0.984505
car_69,304.114,334.4,30.2855,-2.20851
car_596,196.78,214,17.22,-1.94332
car_575,214.669,233.2,18.531,0.172762
car_881,161.002,172.8,11.7982,1.55182
car_1738,214.669,240,25.331,-1.70583
car_1327,107.335,111.6,4.26548,-4.77395
car_607,196.78,212,15.22,-2.99878
car_198,250.447,272.8,22.3528,-1.61291
car_703,304.114,346,41.8855,0.930829
car_318,232.558,258,25.4419,0.384869
car_1115,250.447,278.4,27.9528,-3.32465
car_904,161.002,170,8.99821,-2.37182
car_82,268.336,291.6,23.2637,-0.200404
car_2448,196.78,220.8,24.02,-2.8611
car_2541,125.224,139.2,13.9764,0.777169
car_785,375.671,414.4,38.7292,-1.49969
car_1193,125.224,128.8,3.57639,-0.471818
car_205,250.447,274,23.5528,-0.15053
car_752,178.891,193.2,14.3091,-3.3474
car_757,178.891,192,13.1091,-0.245285
car_753,178.891,193.6,14.7091,-1.36304
car_766,178.891,191.6,12.7091,-0.209277
car_988,196.78,212.8,16.02,-4.52838
car_351,232.558,255.6,23.0419,-1.65092
car_193,250.447,277.6,27.1528,-0.866866
car_1889,125.224,135.2,9.97639,-0.00879899
car_367,286.225,316.4,30.1746,0.920168
car_1045,143.113,151.6,8.4873,-2.02193
car_636,196.78,213.6,16.82,1.94052
car_1697,214.669,241.2,26.531,-2.44926
car_1224,125.224,128.8,3.57639,-3.06033
car_2498,125.224,133.6,8.37639,1.6187
car_89,268.336,295.2,26.8637,-0.991517
car_1583,214.669,234.4,19.731,-0.523468
car_96,268.336,293.6,25.2637,-1.16969
car_206,250.447,277.2,26.7528,-7.97567
car_1249,268.336,297.6,29.2637,-0.0843979
car_1886,161.002,178.4,17.3982,-0.640427
car_830,304.114,338.8,34.6855,-2.78826
car_368,232.558,254,21.4419,-1.96157
car_777,178.891,194,15.1091,-1.72403
car_1636,322.004,359.2,37.1964,-0.260763
car_657,196.78,212.8,16.02,-4.16637
car_1377,107.335,109.2,1.86548,-1.34421
car_795,178.891,192.8,13.9091,-5.05839
car_2559,143.113,152.8,9.6873,-2.48018
car_1187,178.891,193.6,14.7091,-1.11445
car_866,232.558,257.6,25.0419,0.187967
car_251,250.447,274,23.5528,-1.91148
car_531,214.669,231.6,16.931,-0.878022
car_774,178.891,196.4,17.5091,-2.4271
car_1798,232.558,266,33.4419,-0.289958
car_2261,250.447,277.2,26.7528,-0.161285
car_1383,107.335,111.2,3.86548,2.16324
car_263,250.447,274.4,23.9528,1.29602
car_1200,286.225,316.4,30.1746,-1.94844
car_658,196.78,215.6,18.82,-9.03077
car_1396,107.335,110.8,3.46548,-0.0946093
car_2270,161.002,176.8,15.7982,-1.9284
car_267,250.447,276,25.5528,0.178859
car_665,196.78,215.6,18.82,-0.371839
car_1626,232.558,262.4,29.8419,-0.902266
car_1190,286.225,321.6,35.3746,-8.67764
car_786,178.891,197.6,18.7091,-6.5397
car_191,322.004,359.2,37.1964,-0.554696
car_1228,125.224,135.6,10.3764,-0.0181363
car_294,250.447,272.8,22.3528,-4.35764
car_289,250.447,274,23.5528,-1.59774
car_2470,178.891,197.2,18.3091,-0.379726
car_677,196.78,214.4,17.62,0.793978
car_24,286.225,311.6,25.3746,-1.75531
car_189,286.225,316.8,30.5746,-0.88749
car_1256,125.224,133.6,8.37639,-5.96591
car_2938,143.113,149.2,6.0873,-2.76656
car_420,232.558,252,19.4419,-1.64511
car_895,250.447,280,29.5528,-1.33309
car_2109,232.558,259.2,26.6419,-1.87808
car_1337,143.113,149.2,6.0873,-0.404699
car_1785,268.336,300.4,32.0637,-1.58776
car_144,268.336,296.8,28.4637,-0.78429
car_1427,107.335,110.4,3.06548,0.858235
car_296,250.447,274.4,23.9528,-1.59477
car_932,161.002,179.2,18.1982,-3.07544
car_2805,143.113,152.4,9.2873,-1.96597
car_58,304.114,334.4,30.2855,-1.48065
car_1952,232.558,256.8,24.2419,-2.40786
car_1123,143.113,151.6,8.4873,-0.183733
car_117,304.114,336,31.8855,-2.28881
car_416,232.558,254.8,22.2419,-1.52164
car_165,268.336,294.8,26.4637,-1.97742
car_1251,125.224,136,10.7764,2.32136
car_1611,125.224,132.8,7.57639,-1.94683
car_7,286.225,316.4,30.1746,-1.86973
car_2765,178.891,195.6,16.7091,0.367488
car_680,268.336,304.8,36.4637,5.80786
car_279,250.447,278.4,27.9528,-0.570694
car_966,161.002,175.6,14.5982,0.0129047
car_435,232.558,252.8,20.2419,-0.550709
car_1717,196.78,218,21.22,5.06382
car_1854,214.669,240.4,25.731,0.816411
car_1976,143.113,154.4,11.2873,-2.40948
car_1147,143.113,154.4,11.2873,0.236031
car_553,214.669,236.8,22.131,-3.00668
car_1039,161.002,177.2,16.1982,-0.727941
car_1413,107.335,114,6.66548,-1.26311
car_1578,250.447,275.6,25.1528,-2.11613
car_738,196.78,210.4,13.62,-0.162445
car_972,161.002,175.2,14.1982,-4.84003
car_978,161.002,174.4,13.3982,2.70586
car_1641,250.447,275.6,25.1528,-0.404147
car_1735,304.114,333.2,29.0855,-0.817492
car_578,214.669,234.8,20.131,-1.48755
car_1872,232.558,259.2,26.6419,-0.798173
car_741,196.78,210.8,14.02,-0.194466
car_1900,178.891,198.4,19.5091,-2.44629
car_979,161.002,174.8,13.7982,-0.425542
car_1640,178.891,192.8,13.9091,-0.186881
car_982,161.002,174.8,13.7982,1.00539
car_1501,304.114,344,39.8855,-2.38962
car_1026,178.891,193.2,14.3091,-1.07423
car_1408,268.336,293.2,24.8637,-2.95163
car_14,286.225,317.2,30.9746,5.54371
car_168,268.336,296,27.6637,0.687645
car_1390,143.113,156.8,13.6873,-0.601315
car_307,250.447,277.2,26.7528,2.60296
car_564,214.669,237.6,22.931,-1.40668
car_582,214.669,235.6,20.931,-0.696312
car_1550,286.225,316.8,30.5746,-0.511783
car_768,250.447,276.8,26.3528,-2.17294
car_23,286.225,316.8,30.5746,-1.80186
car_1564,268.336,295.6,27.2637,-0.959854
car_31,286.225,316.4,30.1746,-7.92934
car_2921,143.113,149.6,6.4873,-0.0845197
car_439,286.225,320,33.7746,-0.846774
car_1858,125.224,135.2,9.97639,-0.544506
car_923,304.114,333.6,29.4855,-5.12777
car_1281,125.224,135.2,9.97639,0.91435
car_1316,125.224,130.4,5.17639,-0.0826242
car_504,286.225,317.6,31.3746,-1.98683
car_2443,125.224,131.6,6.37639,-7.94166
car_1198,143.113,150.8,7.6873,-1.8655
car_702,286.225,316,29.7746,-5.38916
car_319,250.447,275.6,25.1528,-1.87574
car_1114,214.669,234,19.331,0.434836
car_999,161.002,174.8,13.7982,0.569612
car_542,339.893,377.6,37.7073,-0.275719
car_1729,214.669,237.2,22.531,-0.723325
car_1808,214.669,234,19.331,-1.97903
car_1350,125.224,134.8,9.57639,1.01392
car_1156,143.113,152.8,9.6873,-4.45244
car_2063,125.224,133.2,7.97639,0.0604323
car_1003,196.78,217.6,20.82,-1.5551
car_321,250.447,278.8,28.3528,2.24651
car_1520,178.891,190.8,11.9091,-0.313429
car_718,196.78,216,19.22,-3.82308
car_2263,125.224,129.2,3.97639,-0.160763
car_1381,286.225,326,39.7746,3.11939
car_179,268.336,296,27.6637,-1.88488
car_728,196.78,216,19.22,2.98675
car_1929,143.113,151.2,8.0873,-1.09996
car_1741,304.114,346,41.8855,-1.36039
car_467,232.558,253.2,20.6419,-2.9888
car_100,357.782,393.6,35.8183,0.962471
car_20,286.225,320.8,34.5746,1.13907
car_171,268.336,299.6,31.2637,-1.29127
car_1792,214.669,234.8,20.131,-0.501644
car_1389,178.891,198.8,19.9091,-2.13438
car_562,250.447,274.8,24.3528,-1.74572
car_1176,143.113,152,8.8873,-0.745522
car_1472,107.335,110.4,3.06548,0.536646
car_518,232.558,261.2,28.6419,-2.56214
car_796,286.225,317.2,30.9746,-4.53294
car_1184,143.113,152,8.8873,-0.425951
car_592,214.669,236.8,22.131,-0.225751
car_745,196.78,216.8,20.02,0.437985
car_540,304.114,339.2,35.0855,-2.57377
car_3189,107.335,108.8,1.46548,-0.345736
car_1352,161.002,177.2,16.1982,-1.6333
car_1154,143.113,156.8,13.6873,0.308625
car_1418,322.004,358.4,36.3964,-2.56735
car_1573,161.002,170,8.99821,-2.02547
car_1032,161.002,174.4,13.3982,0.310593
car_350,250.447,276.8,26.3528,-2.14508
car_1275,161.002,175.2,14.1982,-2.11109
car_214,268.336,294.8,26.4637,-3.5455
car_352,250.447,276.4,25.9528,1.17265
car_1286,250.447,278.8,28.3528,0.529648
car_924,178.891,191.6,12.7091,-2.39218
car_237,268.336,293.2,24.8637,-5.55444
car_1726,125.224,133.6,8.37639,-1.94751
car_1807,178.891,192.4,13.5091,1.55577
car_1159,143.113,159.2,16.0873,1.53981
car_481,232.558,256.4,23.8419,-1.91233
car_588,339.893,380.4,40.5073,0.977362
car_1086,232.558,261.6,29.0419,1.96289
car_764,196.78,215.6,18.82,-3.77102
car_889,178.891,197.6,18.7091,0.608338
car_919,178.891,194,15.1091,-0.845915
car_1407,125.224,133.2,7.97639,-0.113643
car_1029,161.002,176.8,15.7982,-4.47055
car_125,286.225,312.8,26.5746,-1.8732
car_446,339.893,382.4,42.5073,-2.23883
car_619,214.669,237.6,22.931,-1.79968
car_642,214.669,234.8,20.131,0.222657
car_833,304.114,338.8,34.6855,-0.901214
car_1885,250.447,274,23.5528,-4.62097
car_1049,161.002,174.8,13.7982,2.55689
car_767,196.78,217.2,20.42,-2.36705
car_1692,143.113,154.4,11.2873,-0.580534
car_633,214.669,236.8,22.131,-0.412327
car_228,286.225,314.8,28.5746,-8.56136
car_530,232.558,252,19.4419,2.72761
car_493,232.558,258.4,25.8419,-1.26247
car_1832,143.113,154,10.8873,-2.70154
car_292,268.336,291.2,22.8637,-1.62554
car_526,250.447,273.6,23.1528,-2.65667
car_108,286.225,316,29.7746,-0.86794
car_1749,232.558,260,27.4419,-2.8825
car_395,250.447,273.6,23.1528,-2.2142
car_1392,125.224,130.8,5.57639,-0.152606
car_2274,125.224,129.6,4.37639,0.406571
car_1083,161.002,174,12.9982,-3.82093
car_484,268.336,299.2,30.8637,-1.1996
car_1375,125.224,134,8.77639,-1.9393
car_1500,143.113,151.6,8.4873,-1.27155
car_1409,196.78,221.2,24.42,-3.56019
car_1027,268.336,297.6,29.2637,-2.22955
car_15,304.114,331.6,27.4855,-1.52779
car_71,322.004,354.8,32.7964,-4.53009
car_714,268.336,299.2,30.8637,-0.88887
car_1106,161.002,172.8,11.7982,-2.57381
car_952,178.891,195.2,16.3091,0.932618
car_408,250.447,273.2,22.7528,-2.76701
car_953,178.891,194.4,15.5091,3.98124
car_1839,107.335,113.6,6.26548,-2.52549
car_498,232.558,260.8,28.2419,1.34556
car_1097,161.002,174.8,13.7982,-2.04649
car_568,232.558,253.6,21.0419,-4.58163
car_737,232.558,260.8,28.2419,-1.66589
car_1910,143.113,150.4,7.2873,-0.230173
car_809,196.78,217.6,20.82,0.546392
car_2265,232.558,260,27.4419,3.59975
car_1387,125.224,134.4,9.17639,-1.88622
car_523,232.558,258,25.4419,0.696553
car_1997,143.113,154.4,11.2873,0.824225
car_1588,286.225,320,33.7746,-2.00572
car_235,268.336,302.4,34.0637,-1.72441
car_551,232.558,255.6,23.0419,-3.80536
car_2564,161.002,178,16.9982,-1.12404
car_1172,196.78,218.8,22.02,-0.268155
car_1099,161.002,175.6,14.5982,-2.70908
car_306,268.336,295.6,27.2637,-3.86577
car_1079,196.78,216,19.22,-0.720247
car_1116,286.225,321.6,35.3746,0.0219702
car_700,214.669,235.6,20.931,-0.899425
car_896,196.78,215.2,18.42,-0.0895648
car_423,250.447,274.8,24.3528,-0.117207
car_3163,107.335,112,4.66548,-2.50074
car_1334,143.113,152.4,9.2873,-0.144019
car_181,286.225,313.2,26.9746,-1.05708
car_407,250.447,278,27.5528,-2.28013
car_1765,178.891,194,15.1091,-2.66162
car_1844,178.891,194.8,15.9091,0.137533
car_1633,304.114,339.6,35.4855,-2.24559
car_652,214.669,243.2,28.531,4.30787
car_1718,107.335,112.4,5.06548,-4.95486
car_920,250.447,277.2,26.7528,-3.31996
car_1282,143.113,154,10.8873,0.371416
car_605,232.558,256,23.4419,-1.99656
car_1457,125.224,130.4,5.17639,1.0431
car_1527,304.114,342,37.8855,-2.10491
car_326,304.114,341.2,37.0855,2.2664
car_1004,178.891,194,15.1091,-0.122516
car_26,304.114,338,33.8855,-4.31486
car_2262,250.447,279.6,29.1528,-6.24157
car_1380,214.669,233.2,18.531,-4.46279
car_178,286.225,316.4,30.1746,-0.763446
car_201,322.004,351.2,29.1964,-4.45252
car_1448,125.224,133.6,8.37639,-0.454488
car_2632,89.4454,93.6,4.15456,-0.0569921
car_1607,107.335,111.6,4.26548,-2.78792
car_565,232.558,260.4,27.8419,-2.07029
car_899,196.78,211.2,14.42,-0.837615
car_1702,232.558,260.4,27.8419,-3.13449
car_332,268.336,297.2,28.8637,-4.0872
car_468,250.447,274.4,23.9528,-2.08136
car_521,375.671,416,40.3292,0.238142
car_1882,107.335,113.6,6.26548,-10.9763
car_834,196.78,221.6,24.82,-1.17593
car_874,196.78,216.4,19.62,-4.46508
car_1080,232.558,252.4,19.8419,-3.7262
car_487,250.447,272.8,22.3528,-1.42595
car_461,250.447,276.4,25.9528,-1.72533
car_1747,143.113,154,10.8873,-2.10988
car_106,357.782,396,38.2183,0.616245
car_528,304.114,344.4,40.2855,0.779781
car_1163,161.002,175.6,14.5982,-4.12978
car_336,268.336,298,29.6637,2.02932
car_1018,268.336,294.4,26.0637,0.0668356
car_1519,286.225,317.6,31.3746,-0.077314
car_1248,357.782,394,36.2183,-2.93776
car_207,286.225,314,27.7746,-0.79531
car_1471,125.224,132.8,7.57639,1.61623
car_1779,89.4454,92,2.55456,0.912689
car_794,268.336,297.6,29.2637,-4.32883
car_2558,143.113,149.6,6.4873,-0.530422
car_1186,161.002,173.6,12.5982,-0.641107
car_910,196.78,212,15.22,-2.4232
car_1293,143.113,160,16.8873,1.89406
car_1233,268.336,303.2,34.8637,-0.760405
car_1628,107.335,114.4,7.06548,-1.84586
car_224,286.225,314.8,28.5746,-0.880928
car_1267,214.669,232.4,17.731,-1.66268
car_1658,107.335,108.8,1.46548,-0.423196
car_2244,178.891,193.2,14.3091,0.753549
car_192,286.225,320,33.7746,3.45383
car_900,196.78,216.8,20.02,-1.75051
car_371,268.336,294.4,26.0637,-2.39675
car_1057,250.447,278,27.5528,-2.29892
car_1893,107.335,108.4,1.06548,-0.461729
car_829,214.669,237.6,22.931,-0.0872177
car_1287,214.669,238,23.331,0.258643
car_925,196.78,213.2,16.42,-2.33671
car_1673,107.335,108.8,1.46548,-2.13464
car_968,286.225,316,29.7746,0.638056
car_215,286.225,318.4,32.1746,-1.78994
car_1274,268.336,300,31.6637,-2.65617
car_1305,214.669,236.8,22.131,0.90426
car_513,250.447,273.6,23.1528,-3.3961
car_1370,143.113,150.4,7.2873,-0.383769
car_943,214.669,231.2,16.531,0.341814
car_1654,107.335,112.8,5.46548,-1.61875
car_394,268.336,292.4,24.0637,-0.296041
car_2225,143.113,160,16.8873,0.0607391
car_1668,107.335,111.6,4.26548,-4.85331
car_257,286.225,315.6,29.3746,1.41326
car_2093,143.113,158.8,15.6873,-8.54442
car_1218,286.225,318,31.7746,-7.84866
car_640,232.558,257.6,25.0419,-2.00669
car_1643,107.335,116.4,9.06548,-2.85714
car_1687,107.335,110.4,3.06548,0.117985
car_651,232.558,256,23.4419,-3.94747
car_1630,214.669,239.2,24.531,-0.394094
car_1209,232.558,262.8,30.2419,4.80111
car_917,196.78,218,21.22,-1.74801
car_1252,161.002,172.4,11.3982,-0.202266
car_517,268.336,297.2,28.8637,-0.500319
car_1301,178.891,197.6,18.7091,4.53673
car_799,214.669,238.8,24.131,-3.20616
car_1082,178.891,196,17.1091,-0.390087
car_485,268.336,295.2,26.8637,-1.31847
car_1898,250.447,279.2,28.7528,-8.0483
car_822,214.669,236,21.331,-2.97977
car_1031,196.78,210,13.22,-1.71595
car_1570,125.224,130.4,5.17639,0.992797
car_1954,214.669,235.6,20.931,-3.23295
car_1125,178.891,191.6,12.7091,-1.85188
car_2032,143.113,156.4,13.2873,-7.99422
car_1721,107.335,112,4.66548,-1.48708
car_1800,250.447,282,31.5528,0.891917
car_1358,232.558,256,23.4419,1.60174
car_1401,143.113,154,10.8873,-0.00557868
car_430,268.336,293.6,25.2637,-2.53717
car_1712,143.113,156.4,13.2873,3.74625
car_1851,196.78,216.8,20.02,-3.37424
car_560,250.447,276.4,25.9528,-1.66687
car_2812,125.224,134.4,9.17639,-0.861464
car_1138,178.891,191.2,12.3091,-3.00924
car_2045,214.669,234.8,20.131,-1.00302
car_969,196.78,216.4,19.62,-0.155604
car_1672,232.558,258,25.4419,-3.05625
car_2255,125.224,135.2,9.97639,-2.91109
car_1417,143.113,154.4,11.2873,-0.571697
car_827,286.225,314.8,28.5746,-3.09512
car_1059,178.891,202,23.1091,-0.192877
car_331,286.225,313.2,26.9746,0.0246754
car_950,196.78,218,21.22,0.0779064
car_1442,143.113,152,8.8873,-2.17012
car_2638,125.224,134,8.77639,0.41943
car_2766,178.891,198.8,19.9091,4.57995
car_683,232.558,259.6,27.0419,-1.74608
car_1715,286.225,321.6,35.3746,3.51049
car_437,268.336,294.8,26.4637,-3.76755
car_163,304.114,338,33.8855,-1.95946
car_1979,143.113,154.8,11.6873,-1.13426
car_2822,107.335,113.2,5.86548,-1.07386
car_1148,178.891,193.6,14.7091,-0.18867
car_2053,161.002,172,10.9982,-3.08912
car_681,250.447,274.8,24.3528,-3.92096
car_2764,143.113,154,10.8873,-0.402824
car_278,357.782,399.6,41.8183,-3.17098
car_843,214.669,239.2,24.531,-1.54969
car_818,232.558,259.6,27.0419,-1.2718
car_2005,143.113,156.4,13.2873,-0.829019
car_722,232.558,256.4,23.8419,-1.97517
car_1923,125.224,136,10.7764,-1.74923
car_2574,125.224,132.8,7.57639,0.0999743
car_1166,178.891,193.2,14.3091,0.894407
car_349,339.893,379.2,39.3073,-0.927833
car_555,250.447,282,31.5528,-1.10373
car_600,250.447,275.6,25.1528,-0.509629
car_598,250.447,276.8,26.3528,-1.73236
car_340,286.225,316.4,30.1746,-0.619404
car_2184,125.224,137.2,11.9764,-0.773485
car_723,232.558,258.4,25.8419,-1.13288
car_1922,214.669,235.6,20.931,-2.13046
car_21,322.004,362.4,40.3964,2.83108
car_152,304.114,344.8,40.6855,-0.658309
car_453,304.114,338.4,34.2855,2.49939
car_1861,107.335,110.4,3.06548,-1.24031
car_1700,232.558,254.4,21.8419,-2.45851
car_1339,161.002,172,10.9982,-1.85248
car_913,214.669,233.2,18.531,-1.26951
car_2584,143.113,149.6,6.4873,-0.17053
car_3,339.893,376.4,36.5073,0.789685
car_1615,125.224,135.2,9.97639,3.02872
car_854,214.669,242.8,28.131,2.40714
car_2242,196.78,219.2,22.42,0.493549
car_194,304.114,340,35.8855,6.69434
car_1473,143.113,154.4,11.2873,0.926693
car_1897,232.558,260.8,28.2419,-1.28526
car_1053,375.671,411.6,35.9292,-0.177064
car_375,286.225,312.8,26.5746,1.20149
car_1547,143.113,154,10.8873,-1.3395
car_386,286.225,312,25.7746,-0.234108
car_1037,196.78,216.8,20.02,-2.50684
car_1576,178.891,196.4,17.5091,-1.32078
car_1371,178.891,196.8,17.9091,0.543903
car_2046,107.335,112.8,5.46548,2.78246
car_1968,89.4454,90,0.554563,-0.835468
car_1136,322.004,358.4,36.3964,-6.25338
car_1965,89.4454,91.2,1.75456,-2.46014
car_141,322.004,358.8,36.7964,3.18968
car_1780,107.335,116,8.66548,1.13156
car_1676,125.224,129.2,3.97639,0.0067505
car_826,322.004,359.2,37.1964,-1.26092
car_1058,196.78,214.4,17.62,-1.97152
car_182,304.114,344.8,40.6855,-5.34222
car_1264,339.893,383.6,43.7073,1.31356
car_227,304.114,336.4,32.2855,0.84927
car_1843,125.224,132.8,7.57639,0.0901129
car_400,286.225,311.2,24.9746,1.65308
car_1762,250.447,281.2,30.7528,-1.64755
car_378,286.225,314.8,28.5746,-1.64629
car_820,250.447,276.4,25.9528,-2.24093
car_514,268.336,294.8,26.4637,-2.35155
car_1302,178.891,194.8,15.9091,2.0421
car_661,250.447,274.8,24.3528,-0.0888845
car_1622,232.558,258,25.4419,-1.41613
car_1239,268.336,294.8,26.4637,-3.3757
car_930,214.669,236,21.331,-3.54068
car_1353,304.114,330,25.8855,-7.04194
car_541,268.336,293.2,24.8637,-4.09148
car_1303,232.558,258,25.4419,-0.560783
car_515,268.336,297.2,28.8637,-1.40926
car_671,250.447,274,23.5528,-1.03001
car_1180,214.669,240.8,26.131,0.540396
car_792,232.558,257.2,24.6419,-1.94554
car_396,286.225,315.6,29.3746,-4.94199
car_909,214.669,241.6,26.931,-3.15867
car_1443,161.002,174,12.9982,-2.99317
car_1245,178.891,194.8,15.9091,0.627624
car_1874,107.335,108.8,1.46548,-0.325844
car_1733,143.113,156.8,13.6873,-1.80747
car_823,232.558,254.8,22.2419,4.74546
car_1899,161.002,174.4,13.3982,-2.19697
car_1684,125.224,144,18.7764,1.42878
car_1419,161.002,170.4,9.39821,-0.383231
car_1572,178.891,198.8,19.9091,-1.92003
car_1033,304.114,335.2,31.0855,1.08035
car_1624,322.004,367.6,45.5964,-0.528942
car_667,250.447,278,27.5528,-0.702179
car_1797,125.224,129.2,3.97639,-3.53584
car_174,322.004,352.4,30.3964,-1.58393
car_951,214.669,236.8,22.131,3.59702
car_1847,268.336,296.4,28.0637,-0.982967
car_1766,268.336,295.6,27.2637,-2.58941
car_404,286.225,317.2,30.9746,-1.69359
car_787,232.558,262,29.4419,-0.0315174
car_2543,161.002,174.8,13.7982,-2.55407
car_1191,214.669,232,17.331,0.755086
car_1657,125.224,139.2,13.9764,2.82699
car_940,250.447,274,23.5528,-2.44647
car_1036,357.782,406,48.2183,2.2031
car_1577,143.113,150,6.8873,-0.387274
car_1226,178.891,199.6,20.7091,3.5951
car_554,268.336,297.6,29.2637,-0.75715
car_1346,232.558,262.4,29.8419,-0.119074
car_558,268.336,298.4,30.0637,-1.3235
car_1902,107.335,109.6,2.26548,-1.36536
car_743,304.114,338,33.8855,1.34113
car_584,268.336,296,27.6637,-3.27357
car_1875,286.225,314,27.7746,-1.08959
car_1732,125.224,134,8.77639,-0.336599
car_585,268.336,296.4,28.0637,-0.395454
car_405,286.225,323.6,37.3746,-3.31963
car_1767,125.224,131.2,5.97639,-3.28074
car_1846,143.113,155.6,12.4873,-2.28775
car_2311,125.224,131.2,5.97639,-0.371819
car_991,214.669,238,23.331,-1.04915
car_1920,107.335,110,2.66548,-3.09168
car_721,286.225,320.4,34.1746,2.10426
car_1963,125.224,133.6,8.37639,3.31276
car_1130,196.78,218,21.22,-4.45374
car_2802,89.4454,90,0.554563,-0.746023
car_1955,232.558,256.4,23.8419,-0.0799261
car_2033,268.336,297.6,29.2637,-1.68715
car_1124,196.78,218.4,21.62,-0.728656
car_698,250.447,282,31.5528,-1.69388
car_1569,178.891,193.6,14.7091,-2.90687
car_751,250.447,274.4,23.9528,-2.82209
car_1961,143.113,156,12.8873,-1.54747
car_1132,196.78,220,23.22,-0.812127
car_1139,196.78,219.2,22.42,-0.399783
car_2044,196.78,214,17.22,-2.22651
car_1084,232.558,258,25.4419,-1.89501
car_483,286.225,314.4,28.1746,-1.18654
car_243,322.004,352,29.9964,-2.26568
car_1598,250.447,278.4,27.9528,-3.24726
car_1774,125.224,134,8.77639,0.301827
car_2902,125.224,130.4,5.17639,1.21043
car_3165,107.335,112,4.66548,-1.6879
car_1332,286.225,319.2,32.9746,0.447859
car_890,232.558,256.8,24.2419,4.0597
car_425,322.004,356.8,34.7964,-2.61234
car_1321,286.225,316,29.7746,-1.83039
car_887,232.558,256.8,24.2419,-2.27069
car_573,322.004,364,41.9964,-1.90959
car_1268,268.336,294.8,26.4637,0.816947
car_1691,304.114,334.4,30.2855,-0.740891
car_630,268.336,294.8,26.4637,-1.56451
car_1909,268.336,304,35.6637,-1.5908
car_748,250.447,278,27.5528,-3.1644
car_731,250.447,280.4,29.9528,-1.65359
car_875,232.558,260.4,27.8419,-9.7127
car_1837,268.336,302.8,34.4637,4.5478
car_496,286.225,314.8,28.5746,-2.71067
car_221,322.004,356.4,34.3964,-0.1972
car_1262,232.558,252.8,20.2419,-1.66211
car_736,250.447,281.2,30.7528,-1.65849
car_1642,143.113,153.2,10.0873,-0.852098
car_173,322.004,365.6,43.5964,0.907903
car_1790,250.447,277.2,26.7528,-1.9093
car_2269,178.891,200,21.1091,1.63564
car_1945,107.335,113.6,6.26548,-0.569515
car_704,268.336,300.8,32.4637,-1.20214
car_730,250.447,281.6,31.1528,1.31603
car_1917,232.558,262.4,29.8419,2.24718
car_735,250.447,282,31.5528,-3.73724
car_1194,286.225,317.2,30.9746,-1.51148
car_782,250.447,275.6,25.1528,-2.59299
car_2546,107.335,112,4.66548,-4.58584
car_497,286.225,316.8,30.5746,-0.266115
car_1836,250.447,275.2,24.7528,-1.67982
car_2135,125.224,132.8,7.57639,-5.85847
car_1813,125.224,130.8,5.57639,-0.239261
car_801,250.447,273.2,22.7528,-0.476899
car_1964,107.335,113.2,5.86548,-1.94701
car_1828,125.224,129.2,3.97639,-0.164448
car_264,322.004,354.4,32.3964,-2.43672
car_1240,196.78,211.6,14.82,-1.94665
car_2285,107.335,110.4,3.06548,-2.70863
car_939,232.558,254,21.4419,-1.90454
car_1649,143.113,156,12.8873,1.23914
car_970,286.225,326,39.7746,-0.946974
car_1895,196.78,220.8,24.02,-1.92239
car_1051,214.669,238.4,23.731,-1.49528
car_377,322.004,352.4,30.3964,-1.78429
car_931,232.558,257.6,25.0419,0.0202739
car_945,232.558,254.4,21.8419,-1.99744
car_1652,196.78,215.6,18.82,-1.34096
car_1489,161.002,178.4,17.3982,0.195802
car_73,339.893,384,44.1073,-0.952949
car_716,268.336,298,29.6637,-3.27281
car_1935,196.78,214,17.22,-2.09771
car_1104,250.447,276.8,26.3528,-1.03985
car_1222,196.78,216.8,20.02,-4.9362
car_800,250.447,277.2,26.7528,-1.97381
car_815,250.447,275.2,24.7528,0.40396
car_2569,125.224,133.6,8.37639,-2.27881
car_1094,214.669,235.2,20.531,-0.0446061
car_1575,161.002,169.6,8.59821,-0.408456
car_1034,286.225,315.2,28.9746,-0.398531
car_2086,268.336,298.4,30.0637,-2.8912
car_242,322.004,362,39.9964,-0.698595
car_548,286.225,316.4,30.1746,-0.462659
car_1723,196.78,226,29.22,0.241112
car_586,339.893,380.4,40.5073,-0.756434
car_1088,214.669,237.6,22.931,-0.225844
car_961,232.558,256,23.4419,-2.33689
car_265,322.004,360.8,38.7964,3.63942
car_2013,107.335,112.8,5.46548,-0.597815
car_699,268.336,296.4,28.0637,-2.94934
car_962,232.558,256.8,24.2419,-2.05958
car_1679,250.447,280.4,29.9528,-1.76057
car_685,268.336,298.4,30.0637,-0.9898
car_2760,125.224,135.2,9.97639,-4.73237
car_2305,143.113,156.8,13.6873,1.93188
car_985,232.558,254.4,21.8419,1.41684
car_697,268.336,298,29.6637,-0.67008
car_2160,196.78,213.2,16.42,-1.71248
car_409,304.114,338.8,34.6855,-3.94327
car_1705,268.336,298.8,30.4637,1.06357
car_1864,125.224,135.2,9.97639,-1.71885
car_2014,107.335,115.2,7.86548,0.820074
car_811,250.447,283.2,32.7528,1.75018
car_616,286.225,311.6,25.3746,0.874464
car_872,250.447,274.4,23.9528,-0.178652
car_1265,196.78,220,23.22,4.44117
car_226,339.893,372.8,32.9073,-1.91731
car_1299,196.78,215.2,18.42,-1.40935
car_1434,178.891,197.6,18.7091,1.20258
car_3042,89.4454,92.8,3.35456,-0.949944
car_591,286.225,318,31.7746,0.606571
car_672,268.336,304.8,36.4637,-4.85361
car_727,268.336,298,29.6637,-2.08626
car_1926,196.78,212.8,16.02,-1.69871
car_2000,178.891,199.2,20.3091,-2.46171
car_1905,286.225,318.4,32.1746,-3.09681
car_744,268.336,296,27.6637,-1.59835
car_1971,161.002,183.2,22.1982,-1.76837
car_1140,214.669,238,23.331,-1.79137
car_868,250.447,277.2,26.7528,-1.22518
car_987,232.558,259.2,26.6419,3.47913
car_609,286.225,316,29.7746,0.88031
car_873,250.447,278,27.5528,-2.54772
car_1525,286.225,322.4,36.1746,0.992188
car_324,357.782,397.2,39.4183,0.501992
car_1006,268.336,298.8,30.4637,-1.62926
car_78,357.782,395.6,37.8183,-1.41309
car_1876,250.447,278,27.5528,0.835537
car_1731,143.113,158.4,15.2873,-3.32091
car_888,268.336,300.4,32.0637,-0.142266
car_956,232.558,265.6,33.0419,-1.50806
car_1146,214.669,238.4,23.731,-2.34569
car_2069,107.335,112.4,5.06548,-5.25853
car_1782,143.113,152.8,9.6873,-2.95421
car_143,375.671,416.8,41.1292,2.5766
car_2310,178.891,193.6,14.7091,3.35498
car_990,232.558,260.8,28.2419,-2.68332
car_617,286.225,316,29.7746,-4.40971
car_2794,125.224,133.2,7.97639,0.0407388
car_2075,107.335,112,4.66548,-0.12608
car_2848,125.224,132.8,7.57639,-5.83634
car_2079,107.335,112,4.66548,-2.69238
car_856,250.447,282.4,31.9528,2.50411
car_1855,268.336,300.4,32.0637,3.00948
car_434,304.114,341.6,37.4855,5.29237
car_1716,178.891,196.8,17.9091,1.54052
car_1554,268.336,294.4,26.0637,-0.596814
car_27,357.782,403.6,45.8183,-2.93361
car_860,250.447,281.6,31.1528,-2.2231
car_1162,214.669,237.6,22.931,-2.05545
car_2189,107.335,111.6,4.26548,-1.78955
car_1465,178.891,195.6,16.7091,-2.07994
car_806,268.336,290,21.6637,-3.5244
car_1455,178.891,198.8,19.9091,-1.42511
car_1617,161.002,176.8,15.7982,0.992188
car_1773,143.113,156.4,13.2873,-3.44993
car_1919,125.224,136.4,11.1764,0.834987
car_128,357.782,392,34.2183,1.9167
car_1412,339.893,377.6,37.7073,-2.69246
car_1579,161.002,182,20.9982,-4.73548
car_1038,339.893,381.6,41.7073,-4.29792
car_1759,143.113,160.4,17.2873,-0.560105
car_1819,143.113,151.2,8.0873,-1.87361
car_903,250.447,278.8,28.3528,-1.57463
car_1366,196.78,212.8,16.02,-0.943626
car_2229,125.224,132.8,7.57639,3.34063
car_1664,161.002,172.8,11.7982,-8.62997
car_537,304.114,332.4,28.2855,0.789183
car_2117,107.335,111.6,4.26548,2.65323
car_761,268.336,300.8,32.4637,-1.72236
car_2131,178.891,196,17.1091,-0.180534
car_1817,143.113,152.8,9.6873,-0.203769
car_1223,214.669,234.4,19.731,-1.74994
car_2139,107.335,110.4,3.06548,0.431473
car_1386,196.78,211.6,14.82,-2.15769
car_2264,143.113,151.6,8.4873,0.933942
car_2518,143.113,154,10.8873,3.39022
car_2121,107.335,112.8,5.46548,-0.943254
car_1237,214.669,234.4,19.731,-0.367955
car_1838,143.113,152.8,9.6873,0.646929
car_499,322.004,355.6,33.5964,-0.177865
car_841,268.336,292.8,24.4637,-6.87126
car_1242,214.669,234.8,20.131,-2.04751
car_552,304.114,335.6,31.4855,-3.12383
car_955,250.447,275.6,25.1528,0.530614
car_842,268.336,294,25.6637,-3.52802
car_958,250.447,275.2,24.7528,-4.26398
car_276,339.893,378.4,38.5073,-1.98315
car_1696,161.002,174.4,13.3982,-1.1986
car_637,339.893,378,38.1073,-4.88833
car_1411,196.78,212.4,15.62,-0.230101
car_2340,143.113,150.4,7.2873,-3.91963
car_508,304.114,341.6,37.4855,-1.86289
car_963,250.447,275.6,25.1528,-3.50429
car_1678,161.002,179.6,18.5982,-2.63112
car_2565,143.113,156,12.8873,-2.40805
car_1173,339.893,375.6,35.7073,0.364904
car_1098,232.558,258,25.4419,1.93181
car_2103,161.002,172,10.9982,-0.991089
car_2932,161.002,171.2,10.1982,-0.914787
car_1704,161.002,174.8,13.7982,-2.96039
car_812,268.336,299.2,30.8637,-3.22022
car_846,268.336,295.6,27.2637,-4.44155
car_941,250.447,281.2,30.7528,-2.89306
car_2259,196.78,215.6,18.82,-0.302445
car_965,250.447,277.2,26.7528,-1.03464
car_949,250.447,280.8,30.3528,-2.38924
car_1605,250.447,273.6,23.1528,-0.963359
car_2200,107.335,108.8,1.46548,-0.334109
car_1883,268.336,298.8,30.4637,-1.25563
car_835,268.336,298.4,30.0637,-1.68503
car_1254,214.669,239.2,24.531,-1.40619
car_2256,143.113,149.2,6.0873,-0.324448
car_1671,161.002,179.2,18.1982,-1.92211
car_2216,107.335,108.4,1.06548,-0.465808
car_566,304.114,338.8,34.6855,-1.04726
car_867,268.336,295.2,26.8637,-0.418852
car_878,268.336,293.2,24.8637,-5.87701
car_2212,107.335,109.6,2.26548,-0.862853
car_840,268.336,300,31.6637,-1.06538
car_1430,196.78,217.6,20.82,-2.0955
car_986,250.447,278,27.5528,-5.14433
car_1141,232.558,257.2,24.6419,1.79076
car_1467,196.78,211.2,14.42,-1.1889
car_567,304.114,341.6,37.4855,-1.38785
car_1768,161.002,172.4,11.3982,-1.22559
car_1849,178.891,194.4,15.5091,-1.81027
car_2912,107.335,109.2,1.86548,0.0620267
car_590,304.114,338,33.8855,-1.87922
car_902,268.336,292.8,24.4637,-2.3197
car_1131,232.558,258.8,26.2419,0.905319
car_691,286.225,322.8,36.5746,-3.97921
car_1171,232.558,255.2,22.6419,-0.48608
car_1161,232.558,256.8,24.2419,1.43162
car_1613,214.669,232.8,18.131,-1.18869
car_2238,107.335,108.8,1.46548,-1.20234
car_188,357.782,398.4,40.6183,-1.63162
car_1694,268.336,302.8,34.4637,-1.25234
car_635,304.114,332.8,28.6855,-1.62547
car_1558,178.891,202.8,23.9091,-1.0591
car_760,286.225,314.8,28.5746,-1.50257
car_2050,125.224,136.4,11.1764,-1.86763
car_1474,196.78,212.8,16.02,-8.83756
car_622,304.114,336.8,32.6855,-3.94279
car_1990,143.113,155.2,12.0873,3.53981
car_232,357.782,395.2,37.4183,0.0562824
car_1431,196.78,222.4,25.62,2.96104
car_1179,232.558,257.6,25.0419,-1.09628
car_1092,339.893,379.2,39.3073,-1.80175
car_1158,232.558,260.8,28.2419,3.02812
car_664,304.114,331.2,27.0855,-1.824
car_1627,250.447,282,31.5528,-0.256506
car_1810,161.002,171.2,10.1982,-1.88143
car_901,268.336,298.4,30.0637,-0.692713
car_933,268.336,292.8,24.4637,-0.293608
car_1476,196.78,216.8,20.02,-0.122395
car_1221,232.558,253.2,20.6419,-1.21769
car_1996,178.891,192.4,13.5091,-1.95699
car_1589,322.004,363.6,41.5964,1.74886
car_234,357.782,396.8,39.0183,-1.13681
car_2287,107.335,108.8,1.46548,-0.342051
car_1632,322.004,360,37.9964,-1.77395
car_653,304.114,335.2,31.0855,-1.82268
car_1646,178.891,195.2,16.3091,-0.975146
car_1361,214.669,234.4,19.731,1.1277
car_2112,125.224,132.4,7.17639,2.89434
car_1574,304.114,336.4,32.2855,-1.46804
car_1035,250.447,280.4,29.9528,1.93378
car_790,339.893,372,32.1073,-4.15474
car_1182,232.558,261.2,28.6419,1.50999
car_935,322.004,359.2,37.1964,-4.093
car_2289,107.335,111.6,4.26548,-5.01363
car_928,268.336,298,29.6637,-1.72057
car_2761,178.891,199.2,20.3091,-4.92276
car_684,304.114,332.4,28.2855,-4.22383
car_824,286.225,314,27.7746,-0.753558
car_1397,214.669,232,17.331,-0.577457
car_1663,178.891,196,17.1091,-2.10161
car_802,286.225,317.2,30.9746,-6.42511
car_2011,143.113,149.2,6.0873,-0.40155
car_804,286.225,318.4,32.1746,1.49627
car_1394,214.669,233.6,18.931,-1.71059
car_1683,178.891,194.4,15.5091,-0.0716395
car_2104,161.002,171.6,10.5982,-0.235647
car_1862,250.447,285.6,35.1528,2.02727
car_898,357.782,410.4,52.6183,0.692045
car_1703,178.891,192.8,13.9091,-0.0687775
car_2325,107.335,109.6,2.26548,-1.70427
car_825,286.225,317.2,30.9746,-3.23402
car_1236,232.558,258.8,26.2419,0.802293
car_2296,107.335,114.8,7.46548,5.65759
car_2345,107.335,108.4,1.06548,-1.46686
car_1435,214.669,233.2,18.531,-0.66341
car_2197,125.224,129.2,3.97639,-0.301084
car_2327,107.335,112,4.66548,-1.51847
car_2337,107.335,110,2.66548,-0.242945
car_184,375.671,414.8,39.1292,1.60229
car_2101,143.113,154.8,11.6873,-2.71631
car_1867,268.336,298,29.6637,-1.52755
car_428,339.893,376,36.1073,-0.277757
car_1685,178.891,198.8,19.9091,1.66924
car_1145,250.447,273.2,22.7528,-1.45001
car_1437,214.669,233.2,18.531,1.01967
car_1600,214.669,242,27.331,-0.754824
car_2205,125.224,129.2,3.97639,-0.160404
car_2020,143.113,154.4,11.2873,2.48607
car_942,268.336,302.8,34.4637,-4.12593
car_1655,196.78,224,27.22,-0.688477
car_1328,304.114,335.6,31.4855,1.38051
car_1870,161.002,175.6,14.5982,0.489806
car_746,304.114,333.2,29.0855,-2.66075
car_1907,214.669,238.8,24.131,1.60221
car_1289,232.558,255.6,23.0419,-0.221585
car_1044,268.336,300,31.6637,2.77934
car_366,375.671,419.2,43.5292,-2.86601
car_1888,161.002,174,12.9982,0.434765
car_1385,214.669,240.8,26.131,-3.19073
car_921,304.114,339.2,35.0855,-1.53681
car_1283,232.558,257.2,24.6419,2.78519
car_2043,143.113,153.2,10.0873,-1.58626
car_959,268.336,301.6,33.2637,-1.06801
car_981,268.336,298.8,30.4637,-1.20772
car_1425,214.669,237.6,22.931,0.431617
car_2088,232.558,261.2,28.6419,-1.63059
car_1597,196.78,213.6,16.82,-1.89288
car_1906,286.225,322,35.7746,-0.671461
car_747,304.114,334,29.8855,-2.54951
car_749,304.114,334,29.8855,-3.67593
car_1908,232.558,257.6,25.0419,-3.20343
car_1921,161.002,171.6,10.5982,-0.740655
car_720,375.671,418.8,43.1292,-0.592877
car_1134,250.447,277.6,27.1528,-2.01221
car_2049,214.669,240,25.331,-3.37083
car_175,375.671,420,44.3292,-1.80089
car_1796,232.558,254,21.4419,-3.0157
car_2657,107.335,112.4,5.06548,3.18049
car_879,286.225,316,29.7746,-0.647625
car_610,322.004,354.8,32.7964,-4.37636
car_2028,143.113,156.8,13.6873,-0.652626
car_2373,107.335,110,2.66548,-0.0423024
car_1727,178.891,198.4,19.5091,-3.94932
car_1806,232.558,260,27.4419,-1.39276
car_861,286.225,318.8,32.5746,-7.46717
car_285,357.782,406,48.2183,-2.57349
car_877,286.225,317.2,30.9746,-3.85452
car_1609,196.78,214.8,18.02,-2.74259
car_2366,107.335,112.8,5.46548,-0.859353
car_1170,250.447,277.6,27.1528,-2.62193
car_2862,143.113,152.4,9.2873,-4.34985
car_2556,143.113,153.2,10.0873,2.1006
car_1188,250.447,275.6,25.1528,-1.36805
car_1298,232.558,260.8,28.2419,-2.00932
car_2241,161.002,176,14.9982,1.32138
car_197,375.671,420.4,44.7292,-1.30715
car_608,322.004,359.2,37.1964,0.241348
car_494,339.893,376.4,36.5073,-2.75835
car_1835,214.669,232,17.331,-0.301729
car_2068,143.113,156.4,13.2873,0.961069
car_2235,125.224,132.4,7.17639,-2.52506
car_1199,250.447,274.8,24.3528,-0.464505
car_791,304.114,333.6,29.4855,0.562206
car_907,286.225,317.6,31.3746,-1.90362
car_1205,250.447,274.4,23.9528,-2.52894
car_1809,268.336,298,29.6637,-0.488455
car_543,339.893,374.8,34.9073,-3.27431
car_1728,214.669,237.6,22.931,-2.41177
car_1351,232.558,254,21.4419,-1.35348
car_1344,232.558,254.8,22.2419,-0.425486
car_3089,107.335,110.8,3.46548,0.245784
car_613,322.004,360.4,38.3964,-1.87016
car_1484,214.669,236.4,21.731,-2.71731
car_2417,107.335,111.2,3.86548,-1.54735
car_604,322.004,362,39.9964,-3.39066
car_344,357.782,402.4,44.6183,0.130378
car_803,304.114,334.4,30.2855,-1.78851
car_2388,178.891,199.6,20.7091,0.174871
car_908,286.225,320,33.7746,-0.780499
car_1153,250.447,284,33.5528,-4.21615
car_2066,178.891,190.8,11.9091,0.29362
car_1614,196.78,220.8,24.02,-2.33348
car_1823,178.891,192,13.1091,-0.271926
car_1571,286.225,324,37.7746,1.45605
car_1030,268.336,301.2,32.8637,1.29174
car_2482,107.335,108.8,1.46548,-0.34223
car_1343,232.558,258,25.4419,-8.91109
car_1634,304.114,344.8,40.6855,-1.93381
car_655,322.004,357.2,35.1964,-3.97388
car_1364,232.558,257.2,24.6419,-1.79016
car_2133,143.113,153.2,10.0873,2.50806
car_2395,161.002,179.6,18.5982,1.8355
car_915,286.225,322.4,36.1746,-2.30053
car_1342,232.558,262,29.4419,4.13145
car_2114,143.113,156.8,13.6873,-3.18302
car_2158,143.113,150.8,7.6873,-1.41618
car_1414,232.558,252.4,19.8419,0.952868
car_1234,250.447,277.6,27.1528,-0.170874
car_2281,125.224,135.2,9.97639,-2.78302
car_906,286.225,325.6,39.3746,2.11831
car_1825,178.891,197.6,18.7091,-1.92082
car_676,322.004,358,35.9964,-4.55432
car_1653,304.114,337.2,33.0855,-0.586651
car_944,286.225,320,33.7746,-1.07821
car_1135,304.114,338.8,34.6855,-1.85772
car_1966,161.002,180.8,19.7982,0.613169
car_601,339.893,370.4,30.5073,-2.49382
car_977,286.225,315.2,28.9746,-2.90511
car_1720,196.78,214.4,17.62,-1.77402
car_1374,232.558,259.2,26.6419,-1.67045
car_1957,196.78,218.8,22.02,-0.000962615
car_2031,232.558,261.6,29.0419,-7.25147
car_1126,268.336,293.2,24.8637,-1.84232
car_1255,250.447,278,27.5528,-0.89692
car_682,322.004,359.6,37.5964,1.31559
car_2021,161.002,173.6,12.5982,-4.48031
car_2024,161.002,172.4,11.3982,-1.93678
car_976,286.225,316.8,30.5746,0.0297339
car_1338,304.114,335.6,31.4855,-1.8868
car_1701,196.78,216.8,20.02,-2.24794
car_1860,232.558,262,29.4419,-4.25633
car_1420,232.558,256,23.4419,-0.383146
car_2525,107.335,108.8,1.46548,-1.25037
car_2891,125.224,128.8,3.57639,-1.88205
car_852,304.114,335.6,31.4855,-4.62306
car_1297,250.447,273.2,22.7528,-2.51237
car_583,339.893,376,36.1073,-0.115325
car_1403,232.558,258,25.4419,-1.85266
car_1295,250.447,275.6,25.1528,-1.6868
car_2042,161.002,172.4,11.3982,-1.23584
car_1093,268.336,302,33.6637,-1.40558
car_1178,304.114,341.6,37.4855,-3.14243
car_1447,232.558,254.4,21.8419,-4.42912
car_957,286.225,322.8,36.5746,2.19735
car_1214,250.447,286.8,36.3528,4.45614
car_1290,250.447,276.8,26.3528,-2.08631
car_1680,196.78,221.6,24.82,-2.48906
car_1682,196.78,221.6,24.82,-1.6835
car_2339,125.224,134.4,9.17639,-0.215239
car_1470,232.558,252,19.4419,-2.88255
car_808,304.114,346.4,42.2855,3.82349
car_983,286.225,319.2,32.9746,-5.51282
car_984,286.225,319.2,32.9746,-1.32556
car_594,339.893,378.4,38.5073,-1.50193
car_595,339.893,378.8,38.9073,0.745405
car_1151,375.671,420,44.3292,-0.3452
car_2064,161.002,174.8,13.7982,0.428482
car_1288,250.447,280.8,30.3528,-4.10619
car_643,339.893,371.6,31.7073,-1.73173
car_1296,250.447,280.8,30.3528,-2.14597
car_1165,268.336,298.4,30.0637,-1.6332
car_1486,232.558,253.2,20.6419,-0.257364
car_2223,143.113,154.4,11.2873,-2.80983
car_1778,196.78,216.8,20.02,-1.95388
car_853,304.114,345.2,41.0855,-4.40034
car_912,322.004,362,39.9964,0.867466
car_2392,125.224,133.2,7.97639,2.31902
car_1492,232.558,253.2,20.6419,-2.06808
car_618,339.893,380.4,40.5073,-0.718996
car_2720,89.4454,91.2,1.75456,-2.37474
car_772,322.004,357.6,35.5964,-3.59746
car_2403,125.224,134,8.77639,-6.09929
car_2404,125.224,134,8.77639,3.35799
car_1456,232.558,263.2,30.6419,-1.65756
car_2466,125.224,129.2,3.97639,-0.156363
car_934,304.114,335.6,31.4855,-0.797815
car_673,339.893,374,34.1073,0.738142
car_3093,143.113,158,14.8873,-0.754336
car_1378,250.447,274.4,23.9528,-0.469192
car_1805,196.78,216.4,19.62,-6.35126
car_1724,250.447,282.8,32.3528,-2.15993
car_2147,161.002,170.4,9.39821,0.271723
car_2280,143.113,152.4,9.2873,-0.548992
car_525,357.782,396,38.2183,-2.84863
car_1253,268.336,292.8,24.4637,-2.29553
car_1192,304.114,342,37.8855,3.21797
car_2449,232.558,255.6,23.0419,-1.93306
car_784,322.004,360.4,38.3964,-2.07784
car_1341,250.447,280.4,29.9528,0.123008
car_773,322.004,361.6,39.5964,-1.09742
car_2431,125.224,134,8.77639,-2.75281
car_2290,143.113,154.4,11.2873,-3.14078
car_2611,107.335,112.4,5.06548,0.17299
car_1243,268.336,296.8,28.4637,-2.02929
car_1373,250.447,277.6,27.1528,-1.00458
car_938,339.893,380,40.1073,-2.92439
car_2284,143.113,155.2,12.0873,-1.22061
car_2618,107.335,112,4.66548,-4.08701
car_2916,125.224,132.4,7.17639,-2.48398
car_2167,161.002,171.2,10.1982,-1.07154
car_954,304.114,338.4,34.2855,-1.13301
car_1363,250.447,281.2,30.7528,-3.68527
car_3066,107.335,111.6,4.26548,-5.34917
car_813,322.004,360.8,38.7964,-5.55319
car_2654,107.335,110.4,3.06548,-1.80815
car_2144,161.002,177.2,16.1982,-0.870109
car_980,304.114,337.2,33.0855,-0.260212
car_1429,250.447,276.8,26.3528,0.84358
car_862,322.004,357.6,35.5964,-3.75319
car_1449,250.447,274.8,24.3528,-1.15513
car_2633,143.113,153.6,10.4873,-0.379189
car_2613,125.224,130,4.77639,-0.493142
car_2208,161.002,171.6,10.5982,-0.898617
car_2017,178.891,198,19.1091,-3.46007
car_2008,178.891,200,21.1091,4.74053
car_2894,143.113,156.4,13.2873,1.6434
car_2520,125.224,134.4,9.17639,0.806406
car_2671,107.335,111.6,4.26548,-3.58141
car_1454,250.447,276.4,25.9528,-0.860191
car_2060,232.558,258.8,26.2419,-0.0655428
car_1155,286.225,317.6,31.3746,-0.971775
car_2602,178.891,198.4,19.5091,-3.06804
car_1438,250.447,280,29.5528,-0.567081
car_1439,250.447,280,29.5528,-3.21932
car_2603,161.002,169.6,8.59821,-0.214502
car_2683,107.335,113.2,5.86548,-0.00248074
car_1453,250.447,278.4,27.9528,-0.974723
car_1591,232.558,259.6,27.0419,-2.02665
car_1292,268.336,302,33.6637,1.1385
car_2673,107.335,114.8,7.46548,1.14455
car_989,339.893,381.6,41.7073,-0.319103
car_2727,107.335,108.8,1.46548,-0.155611
car_1468,250.447,277.2,26.7528,-1.65563
car_2429,143.113,149.6,6.4873,-0.170531
car_2863,89.4454,90,0.554563,-0.823518
car_2855,89.4454,90.8,1.35456,0.233047
car_776,339.893,377.2,37.3073,-3.17769
car_1212,286.225,315.2,28.9746,-3.52745
car_1603,232.558,260.4,27.8419,-1.73885
car_918,322.004,356,33.9964,-1.70297
car_1725,304.114,342.4,38.2855,-1.36457
car_1804,214.669,234,19.331,-0.110724
car_2523,125.224,140,14.7764,-1.36745
car_2362,143.113,158.8,15.6873,-1.72613
car_2616,178.891,198,19.1091,-5.0836
car_1608,232.558,261.2,28.6419,0.231631
car_1660,232.558,254.4,21.8419,-0.542659
car_1095,304.114,332.8,28.6855,-1.9727
car_1610,232.558,262,29.4419,-1.86106
car_1496,250.447,276.4,25.9528,-5.09003
car_2758,107.335,109.6,2.26548,-0.777293
car_1213,286.225,318,31.7746,-0.748348
car_1360,268.336,296.8,28.4637,-2.86415
car_3065,107.335,108.8,1.46548,-0.325844
car_1675,232.558,254,21.4419,-2.15264
car_563,375.671,413.2,37.5292,-4.86515
car_971,322.004,351.6,29.5964,-7.00755
car_1648,250.447,280,29.5528,-1.70272
car_2744,107.335,111.6,4.26548,-1.87105
car_1485,250.447,280,29.5528,-3.87374
car_2456,143.113,153.2,10.0873,-0.19604
car_2598,125.224,133.2,7.97639,-0.441121
car_1960,196.78,220,23.22,4.55863
car_2282,161.002,175.2,14.1982,-2.44093
car_2420,143.113,157.2,14.0873,-1.69145
car_2433,143.113,155.2,12.0873,-3.28565
car_1650,232.558,260,27.4419,2.82045
car_947,339.893,381.6,41.7073,0.686443
car_1340,268.336,303.2,34.8637,0.931737
car_1824,214.669,237.2,22.531,-5.31717
car_816,339.893,378.4,38.5073,-2.893
car_1384,268.336,296.4,28.0637,-1.68511
car_2266,178.891,202.4,23.5091,-3.95452
car_2810,161.002,171.6,10.5982,-1.81071
car_1969,196.78,219.6,22.82,-9.31827
car_1207,286.225,322.8,36.5746,0.599966
car_2128,178.891,196.8,17.9091,2.28634
car_967,322.004,356.4,34.3964,-1.60336
car_2299,161.002,175.2,14.1982,1.35469
car_2750,107.335,115.2,7.86548,-0.341336
car_1463,250.447,287.6,37.1528,4.54995
car_2644,125.224,130.8,5.57639,-0.301443
car_644,357.782,404,46.2183,-1.68171
car_1602,232.558,269.6,37.0419,3.43621
car_2740,107.335,117.6,10.2655,0.584639
car_1090,304.114,340.8,36.6855,0.78841
car_1365,268.336,302,33.6637,-0.274595
car_1490,250.447,284,33.5528,-2.17341
car_975,322.004,357.6,35.5964,-2.96046
car_599,375.671,412,36.3292,-0.265271
car_1928,268.336,300.8,32.4637,-3.98587
car_729,357.782,394.8,37.0183,-3.61542
car_1440,268.336,294.8,26.4637,-3.93983
car_2782,107.335,114,6.66548,0.35392
car_1229,286.225,323.2,36.9746,-3.85983
car_2170,178.891,195.2,16.3091,-4.69867
car_2027,196.78,215.6,18.82,-3.55077
car_2500,143.113,156.8,13.6873,-0.17245
car_1415,268.336,299.6,31.2637,-2.58619
car_1379,268.336,304,35.6637,0.146229
car_522,375.671,427.2,51.5292,-3.53717
car_870,339.893,379.6,39.7073,3.29165
car_1160,304.114,338,33.8855,-1.14951
car_1157,304.114,338.8,34.6855,-3.2357
car_2062,214.669,240.8,26.131,-1.81427
car_2219,178.891,193.6,14.7091,-0.193571
car_2501,143.113,159.6,16.4873,3.18556
car_1461,268.336,296.4,28.0637,-1.48072
car_2669,125.224,135.6,10.3764,-3.31679
car_2213,178.891,195.6,16.7091,-1.74808
car_1294,286.225,322,35.7746,-1.73606
car_1462,268.336,297.2,28.8637,-0.135002
car_2553,196.78,213.2,16.42,-2.01424
car_2867,107.335,108.8,1.46548,-0.422837
car_1382,304.114,335.2,31.0855,2.50303
car_1799,232.558,252.8,20.2419,-0.424376
car_2233,178.891,194.8,15.9091,1.38168
car_2699,125.224,133.2,7.97639,-0.285951
car_3004,89.4454,91.6,2.15456,-2.13027
car_1493,268.336,295.6,27.2637,-2.92018
car_2887,107.335,108.4,1.06548,-0.46155
car_2754,125.224,128.8,3.57639,-0.475683
car_1491,268.336,297.2,28.8637,-0.0938784
car_2707,125.224,135.2,9.97639,1.1463
car_1225,304.114,336,31.8855,-0.888991
car_1665,250.447,278.4,27.9528,-2.63319
car_2228,178.891,200,21.1091,0.115215
car_819,357.782,394.4,36.6183,-2.8914
car_2078,196.78,220.4,23.62,0.753061
car_2713,125.224,135.6,10.3764,0.0941697
car_690,375.671,423.6,47.9292,0.637162
car_1645,250.447,280.4,29.9528,1.91863
car_1661,250.447,277.6,27.1528,-1.78787
car_2356,196.78,218.8,22.02,-0.343683
car_1308,286.225,327.2,40.9746,3.31931
car_2149,196.78,213.2,16.42,-0.822531
car_2140,196.78,215.2,18.42,0.0420057
car_1174,304.114,347.6,43.4855,-0.0266163
car_1329,304.114,344.8,40.6855,0.555945
car_1871,232.558,253.2,20.6419,-0.16545
car_1674,250.447,278.4,27.9528,-1.37785
car_2138,196.78,216.4,19.62,-0.287311
car_2464,214.669,240.8,26.131,1.82426
car_2899,107.335,114,6.66548,-1.77227
car_2647,143.113,150.4,7.2873,-2.20835
car_1227,304.114,342,37.8855,3.01213
car_1670,250.447,281.2,30.7528,1.97635
car_2461,161.002,178.8,17.7982,2.45682
car_1244,304.114,340.4,36.2855,-2.0678
car_2286,178.891,199.6,20.7091,2.77863
car_2334,178.891,193.6,14.7091,-1.14602
car_1689,250.447,280.4,29.9528,0.209913
car_1822,232.558,262.4,29.8419,-1.27338
car_1666,250.447,283.6,33.1528,0.329949
car_2332,178.891,194.8,15.9091,-1.92526
car_2637,143.113,155.2,12.0873,-1.41096
car_2653,143.113,154.8,11.6873,-3.09226
car_2507,161.002,177.6,16.5982,-1.91485
car_2698,161.002,173.2,12.1982,-2.16408
car_2944,107.335,114.4,7.06548,-7.92645
car_2658,143.113,156,12.8873,-2.79683
car_2663,143.113,154.8,11.6873,-1.24456
car_1309,304.114,337.2,33.0855,0.357233
car_2972,107.335,111.6,4.26548,-1.98021
car_2220,196.78,214,17.22,1.11609
car_2987,107.335,110.4,3.06548,-2.37983
car_3001,107.335,108.4,1.06548,-0.465808
car_1758,250.447,278,27.5528,-3.59205
car_2376,178.891,194,15.1091,-0.385392
car_1775,250.447,276.4,25.9528,-1.66193
car_2703,143.113,151.2,8.0873,-0.268277
car_1204,322.004,353.6,31.5964,-3.10333
car_1776,250.447,276.8,26.3528,-2.02204
car_1216,322.004,353.2,31.1964,-1.6893
car_1445,286.225,320,33.7746,-0.823969
car_1647,268.336,292.8,24.4637,-0.157114
car_2217,196.78,218,21.22,-0.0853791
car_2435,178.891,190,11.1091,-0.330459
car_2534,161.002,178.4,17.3982,0.964303
car_2415,178.891,192.8,13.9091,-1.66562
car_2708,143.113,152.8,9.6873,-0.633321
car_2123,214.669,231.6,16.931,-0.0661661
car_2089,268.336,300,31.6637,-1.12297
car_1596,268.336,302.8,34.4637,0.320003
car_1594,268.336,303.2,34.8637,2.03056
car_2424,178.891,193.2,14.3091,-6.33004
car_2098,214.669,235.6,20.931,-1.67477
car_2597,161.002,170.8,9.79821,-0.579153
car_2434,178.891,193.2,14.3091,-2.07574
car_2531,178.891,200.4,21.5091,-1.96783
car_2885,125.224,131.2,5.97639,0.503029
car_2538,161.002,180.4,19.3982,-0.875869
car_2752,143.113,150.4,7.2873,-4.46647
car_1475,286.225,320.8,34.5746,-1.84892
car_3019,107.335,112.8,5.46548,-4.2064
car_946,357.782,395.2,37.4183,-3.29148
car_1644,268.336,299.2,30.8637,-1.98014
car_2864,125.224,133.6,8.37639,-1.65584
car_2026,214.669,248,33.331,-3.92859
car_1241,322.004,356,33.9964,-1.77785
car_2236,196.78,220,23.22,-5.04489
car_3068,107.335,108.8,1.46548,-1.19704
car_1827,250.447,276.4,25.9528,-2.29349
car_2737,143.113,154.4,11.2873,-5.11996
car_1202,322.004,362.8,40.7964,1.20458
car_2462,178.891,193.6,14.7091,-0.542445
car_960,357.782,396,38.2183,-6.63761
car_3052,107.335,112.4,5.06548,-2.634
car_2774,143.113,150.8,7.6873,-4.83488
car_1436,304.114,332.4,28.2855,-1.97295
car_2134,214.669,237.2,22.531,0.96006
car_1818,250.447,279.2,28.7528,-0.591411
car_2148,214.669,235.2,20.531,2.52296
car_1880,250.447,281.6,31.1528,1.03478
car_836,375.671,416.8,41.1292,-1.68923
car_2884,125.224,137.2,11.9764,-0.394295
car_2650,161.002,170,8.99821,-0.607955
car_2751,143.113,156.4,13.2873,-0.846116
car_1362,304.114,342.8,38.6855,3.21977
car_1416,304.114,336,31.8855,-0.469243
car_2273,214.669,231.2,16.531,0.270328
car_1395,304.114,338.4,34.2855,-1.35706
car_1433,304.114,335.2,31.0855,-0.220641
car_2022,232.558,255.2,22.6419,-0.276899
car_2596,161.002,179.2,18.1982,4.32586
car_1553,286.225,317.6,31.3746,-0.329493
car_876,375.671,414.4,38.7292,-2.98262
car_2166,214.669,235.6,20.931,0.322758
car_2614,161.002,177.6,16.5982,2.42312
car_2785,143.113,153.2,10.0873,-0.184857
car_1950,232.558,267.6,35.0419,-3.20572
car_2326,196.78,215.2,18.42,-0.777672
car_2651,161.002,174.4,13.3982,-6.02589
car_1469,304.114,332,27.8855,-0.466237
car_2207,214.669,232.8,18.131,1.08153
car_2473,178.891,200.8,21.9091,-1.88652
car_2165,214.669,239.2,24.531,-0.775883
car_1567,286.225,319.6,33.3746,-5.57474
car_2676,161.002,172.4,11.3982,-0.995132
car_3137,107.335,108.8,1.46548,-3.24373
car_2012,232.558,260.8,28.2419,-0.86794
car_2532,178.891,194,15.1091,-7.55822
car_3116,107.335,112.8,5.46548,-1.75792
car_1891,250.447,277.2,26.7528,-4.68043
car_2519,178.891,196.4,17.5091,-3.28467
car_2009,232.558,262.8,30.2419,1.09979
car_2018,232.558,261.2,28.6419,-0.267919
car_2209,214.669,236,21.331,0.456196
car_2607,161.002,184,22.9982,-3.72609
car_2369,196.78,214.4,17.62,-0.368312
car_2364,196.78,216,19.22,-0.0437318
car_3153,107.335,108.8,1.46548,-4.27932
car_1552,286.225,324.8,38.5746,-0.736598
car_1939,250.447,274.8,24.3528,-0.488727
car_1452,304.114,339.2,35.0855,-0.829335
car_2204,214.669,237.6,22.931,-0.940319
car_3447,107.335,108.8,1.46548,-0.150638
car_2668,161.002,176.8,15.7982,1.51979
car_1487,304.114,334,29.8855,-0.928169
car_1137,339.893,383.6,43.7073,-0.498452
car_2836,143.113,153.6,10.4873,-0.144985
car_937,375.671,413.2,37.5292,-0.432248
car_2562,178.891,194.4,15.5091,-0.153178
car_2853,143.113,152.4,9.2873,-1.92858
car_1938,250.447,276.8,26.3528,-1.59406
car_1669,286.225,311.6,25.3746,-0.257651
car_2102,232.558,252.8,20.2419,-2.98244
car_2412,196.78,212.8,16.02,2.06732
car_1590,286.225,323.2,36.9746,-1.72536
car_1164,339.893,382.4,42.5073,-2.22966
car_2232,214.669,236.4,21.731,-3.10407
car_2248,214.669,234.4,19.731,-0.432412
car_3175,107.335,108.8,1.46548,-0.41969
car_1446,304.114,344,39.8855,-1.85112
car_3011,125.224,132,6.77639,0.909756
car_2070,232.558,259.2,26.6419,-1.60855
car_2115,232.558,253.2,20.6419,1.37366
car_2227,214.669,238.4,23.731,-3.00681
car_1659,286.225,314.8,28.5746,-1.90404
car_2072,232.558,259.6,27.0419,-1.69424
car_2375,196.78,218.8,22.02,0.68172
car_2419,196.78,213.6,16.82,-2.67087
car_2702,161.002,175.2,14.1982,-1.63339
car_1464,304.114,342,37.8855,0.714886
car_1488,304.114,338,33.8855,-0.147389
car_2842,143.113,155.6,12.4873,-0.587261
car_1826,268.336,294,25.6637,-0.45667
car_2436,196.78,214,17.22,-1.66665
car_1482,304.114,340.4,36.2855,-0.663396
car_3005,125.224,134.4,9.17639,4.52661
car_3015,125.224,133.2,7.97639,-3.70999
car_2701,161.002,175.6,14.5982,-1.3969
car_3024,125.224,132.8,7.57639,-2.97739
car_1206,339.893,380.4,40.5073,-0.981815
car_1601,286.225,325.6,39.3746,-2.26086
car_1995,250.447,274,23.5528,-0.880713
car_1974,250.447,276.8,26.3528,-0.743468
car_3036,125.224,132,6.77639,-1.89037
car_2736,161.002,174.4,13.3982,-0.204756
car_3099,143.113,153.2,10.0873,3.59863
car_1372,322.004,357.6,35.5964,0.0226143
car_2099,232.558,259.6,27.0419,1.47716
car_3020,125.224,134,8.77639,0.112954
car_3045,125.224,131.6,6.37639,-2.1961
car_2370,196.78,224,27.22,-0.513299
car_3048,125.224,132,6.77639,1.71205
car_1977,250.447,278.4,27.9528,0.992059
car_3184,107.335,113.6,6.26548,-1.75935
car_2904,143.113,152.4,9.2873,0.815695
car_1563,304.114,332.8,28.6855,-0.846309
car_1662,286.225,320,33.7746,-1.6073
car_2240,214.669,242,27.331,0.384046
car_2866,143.113,158.4,15.2873,-1.93157
car_2748,161.002,174.4,13.3982,1.1031
car_1357,322.004,362.8,40.7964,0.632167
car_2003,250.447,275.6,25.1528,-1.89696
car_3221,107.335,110,2.66548,-0.0494926
car_1133,357.782,392.8,35.0183,-1.34679
car_2492,196.78,213.6,16.82,-1.82429
car_2007,250.447,275.2,24.7528,-1.75653
car_3029,125.224,136,10.7764,-0.150459
car_2642,178.891,191.6,12.7091,-2.69561
car_1367,322.004,362,39.9964,0.0680173
car_2604,178.891,197.2,18.3091,4.98092
car_1250,339.893,380,40.1073,-0.987919
car_2124,232.558,262,29.4419,-5.44421
car_2159,232.558,257.2,24.6419,2.30375
car_2499,196.78,216.4,19.62,-1.92354
car_2505,196.78,214.4,17.62,-0.11833
car_2153,232.558,258.8,26.2419,-1.47821
car_2487,196.78,218.8,22.02,-1.11527
car_2510,196.78,214,17.22,-1.87517
car_2741,161.002,181.2,20.1982,-1.12747
car_2202,232.558,252.4,19.8419,-2.97983
car_2323,214.669,236.4,21.731,-1.69699
car_1189,357.782,392.4,34.6183,-2.36644
car_1426,322.004,359.2,37.1964,-0.657278
car_2661,178.891,194.4,15.5091,-1.83486
car_2335,214.669,235.2,20.531,-1.93325
car_3127,125.224,130.4,5.17639,-0.151354
car_2480,196.78,221.6,24.82,1.24784
car_2634,178.891,197.6,18.7091,-1.56959
car_3103,125.224,134.8,9.57639,-3.93475
car_1581,304.114,339.2,35.0855,-3.1636
car_2057,250.447,276.8,26.3528,-4.43329
car_2338,214.669,237.6,22.931,-1.62458
car_1595,304.114,338,33.8855,-0.528799
car_2071,250.447,274,23.5528,-10.6866
car_2506,196.78,219.2,22.42,-0.663388
car_2019,250.447,282,31.5528,1.95943
car_2704,178.891,190.8,11.9091,-2.05897
car_2999,143.113,150.4,7.2873,0.717233
car_1770,286.225,318.4,32.1746,-4.47642
car_2970,143.113,154,10.8873,-0.282753
car_2967,143.113,155.6,12.4873,2.63487
car_2203,232.558,258.8,26.2419,-2.26166
car_2551,196.78,215.2,18.42,-0.704148
car_2975,143.113,156,12.8873,-1.64486
car_2568,196.78,214.4,17.62,-0.28341
car_2731,178.891,190.4,11.5091,-2.03951
car_2365,214.669,240,25.331,-1.89048
car_2846,161.002,175.6,14.5982,0.19156
car_2214,232.558,260.8,28.2419,3.99507
car_3151,125.224,133.6,8.37639,4.41061
car_3281,107.335,113.2,5.86548,-0.364004
car_2502,196.78,226,29.22,2.05202
car_3148,125.224,134.4,9.17639,-2.68343
car_2387,214.669,238.4,23.731,-4.87248
car_1967,268.336,296.4,28.0637,-1.99195
car_1769,286.225,323.2,36.9746,-3.18682
car_3316,107.335,108.4,1.06548,-0.465592
car_2852,161.002,176.8,15.7982,-1.72154
car_2721,178.891,196,17.1091,-6.09921
car_1183,357.782,403.6,45.8183,-1.15776
car_2722,178.891,195.6,16.7091,-2.34501
car_2851,161.002,177.6,16.5982,-2.5909
car_1402,339.893,372.8,32.9073,-0.472032
car_2237,232.558,260,27.4419,-1.58662
car_2667,178.891,204,25.1091,-1.22737
car_3314,107.335,110,2.66548,-0.366487
car_2572,196.78,218.4,21.62,-0.847331
car_1196,357.782,403.6,45.8183,-1.65424
car_1345,339.893,381.6,41.7073,-0.166057
car_1681,304.114,336,31.8855,-1.76855
car_2118,250.447,277.2,26.7528,-6.53209
car_2483,214.669,233.2,18.531,-1.71739
car_1561,322.004,352.4,30.3964,-4.00747
car_2226,232.558,263.6,31.0419,-1.79831
car_2418,214.669,238.4,23.731,0.554994
car_1235,357.782,398.8,41.0183,0.103009
car_1112,375.671,416.4,40.7292,-1.69227
car_2151,250.447,274.4,23.9528,-4.299
car_2924,161.002,170.4,9.39821,-0.436139
car_2300,232.558,254.8,22.2419,-0.452805
car_1557,322.004,355.2,33.1964,-0.168848
car_1556,322.004,355.6,33.5964,-2.44268
car_2577,196.78,220.4,23.62,-1.65953
car_2268,232.558,259.6,27.0419,-1.81159
car_1555,322.004,355.2,33.1964,-1.16144
car_1444,339.893,372.8,32.9073,-0.375324
car_1257,357.782,397.2,39.4183,-2.64892
car_2293,232.558,257.2,24.6419,-2.03606
car_2892,161.002,176.4,15.3982,-6.19284
car_2164,250.447,274.8,24.3528,-2.3025
car_2136,250.447,279.2,28.7528,-2.16994
car_2137,250.447,279.6,29.1528,-1.60368
car_3053,143.113,155.6,12.4873,-3.17208
car_1428,339.893,376.8,36.9073,-0.827116
car_2295,232.558,258.8,26.2419,-4.26086
car_2452,214.669,240.4,25.731,-1.27406
car_2780,178.891,194.4,15.5091,-1.92901
car_1481,322.004,367.6,45.5964,-2.89832
car_2132,250.447,282,31.5528,-1.3069
car_2291,232.558,261.2,28.6419,0.420096
car_3515,89.4454,90,0.554563,-0.656218
car_2307,232.558,257.6,25.0419,-5.72572
car_2943,161.002,172.4,11.3982,1.47132
car_2927,161.002,176,14.9982,-2.34601
car_3365,107.335,110.4,3.06548,-0.327596
car_3182,125.224,140.8,15.5764,2.02337
car_1667,304.114,345.6,41.4855,-3.00353
car_2275,232.558,264,31.4419,-1.97434
car_1424,339.893,380.4,40.5073,-2.90856
car_2333,232.558,257.6,25.0419,-0.694787
car_2517,214.669,235.6,20.931,0.411916
car_3106,143.113,154.4,11.2873,-3.47649
car_1422,339.893,382.4,42.5073,-2.40276
car_3382,107.335,111.2,3.86548,1.98435
car_3136,143.113,150.8,7.6873,-3.21911
car_3109,143.113,154.8,11.6873,-2.39221
car_3353,107.335,115.6,8.26548,-0.636147
car_3129,143.113,151.6,8.4873,-0.333464
car_3358,107.335,114.8,7.46548,0.22562
car_2041,268.336,299.2,30.8637,-3.83231
car_2529,214.669,235.6,20.931,-3.61901
car_2175,250.447,280.4,29.9528,-0.0962042
car_2171,250.447,280.4,29.9528,-4.32218
car_2211,250.447,275.6,25.1528,-1.79545
car_2355,232.558,256.4,23.8419,-0.358673
car_2231,250.447,272.8,22.3528,0.26446
car_2636,196.78,220,23.22,2.12203
car_2344,232.558,257.6,25.0419,-2.98769
car_1177,375.671,418.8,43.1292,-3.46299
car_2015,268.336,304,35.6637,1.06856
car_1203,375.671,415.6,39.9292,-1.28174
car_2977,161.002,174.4,13.3982,0.48879
car_2347,232.558,259.6,27.0419,-1.0127
car_3016,161.002,174.8,13.7982,-0.0703661
car_2789,178.891,200.4,21.5091,-0.697385
car_2218,250.447,276.8,26.3528,0.663081
car_2393,232.558,254.8,22.2419,0.3987
car_2643,196.78,222.8,26.02,1.93967
car_2221,250.447,277.2,26.7528,0.340933
car_3145,143.113,153.2,10.0873,-1.77516
car_1771,304.114,339.6,35.4855,1.26578
car_2391,232.558,255.6,23.0419,1.68221
car_3405,107.335,112.4,5.06548,-6.51311
car_2843,178.891,196,17.1091,0.742721
car_2074,268.336,299.6,31.2637,2.28775
car_3126,143.113,158.8,15.6873,0.829555
car_2386,232.558,258.8,26.2419,-0.505293
car_2749,196.78,211.6,14.82,-1.76039
car_2831,178.891,199.2,20.3091,-1.97223
car_1814,304.114,336,31.8855,-3.62743
car_2411,232.558,257.6,25.0419,-3.00472
car_3306,125.224,130.8,5.57639,-2.47409
car_2593,214.669,234.8,20.131,-0.385271
car_3026,161.002,174,12.9982,0.0431719
car_3300,125.224,132,6.77639,-4.60502
car_2849,178.891,198.4,19.5091,-0.871611
car_2733,196.78,215.2,18.42,-1.95227
car_2476,232.558,252.4,19.8419,-2.72441
car_2251,250.447,279.6,29.1528,-3.07311
car_3427,107.335,114.8,7.46548,-1.04795
car_2105,268.336,299.2,30.8637,-1.63819
car_2549,214.669,242,27.331,0.421155
car_3293,125.224,134,8.77639,0.0521309
car_2735,196.78,215.6,18.82,1.22009
car_1215,375.671,422,46.3292,1.39775
car_1479,339.893,384,44.1073,1.97718
car_2893,178.891,194,15.1091,-1.0315
car_2873,178.891,197.2,18.3091,4.02009
car_2400,232.558,261.6,29.0419,-3.13216
car_3463,107.335,111.6,4.26548,-6.27694
car_1956,286.225,323.2,36.9746,2.75768
car_3453,107.335,113.2,5.86548,-7.26305
car_2154,268.336,295.2,26.8637,-0.392269
car_2298,250.447,276,25.5528,-1.7293
car_2756,196.78,214.4,17.62,-1.77152
car_2288,250.447,277.6,27.1528,2.69376
car_1423,339.893,394.4,54.5073,-1.49019
car_2513,232.558,250,17.4419,-1.91696
